Date,BTC,LTC,ETH,BCH,NEO,DASH,XRP,dr_BTC,dr_LTC,dr_ETH,dr_BCH,dr_NEO,dr_DASH,dr_XRP
2020-02-16,9765.84,71.43,251.88,397.76,14.314,108.501,0.28293,,,,,,,
2020-02-17,9655.13,72.34,259.82,403.66,14.868,113.506,0.28296,-0.011336454416619679,0.01273974520509591,0.03152294743528672,0.014833065164923553,0.038703367332681315,0.04612860710961186,0.00010603329445446619
2020-02-18,10149.75,77.37,281.5,419.79,15.426,115.365,0.29814,0.051228725040470824,0.0695327619574233,0.08344238318836128,0.03995937174850117,0.037530266343825724,0.016377988828784273,0.05364715860899083
2020-02-19,9620.73,70.62,261.94,378.58,14.193,106.881,0.27949,-0.052121480824650845,-0.08724311748739821,-0.06948490230905857,-0.09816813168489014,-0.07992998833138865,-0.07354050188532046,-0.06255450459515666
2020-02-20,9604.68,69.09,259.03,372.65,14.065,103.509,0.27198,-0.0016682725739106674,-0.02166525063721325,-0.01110941436970303,-0.015663796291404797,-0.009018530261396429,-0.03154910601510086,-0.026870371032952978
2020-02-21,9663.1,72.84,262.81,376.55,13.891,106.985,0.27264,0.006082451471574268,0.05427702996092054,0.014592904296799825,0.010465584328458455,-0.012371134020618513,0.03358162092185224,0.002426649018310245
2020-02-22,9635.8,74.53,261.29,372.5,13.707,104.8,0.273,-0.0028251803251545526,0.02320153761669408,-0.005783645979985486,-0.010755543752489771,-0.013245986610035176,-0.02042342384446416,0.001320422535211474
2020-02-23,9879.3,78.95,271.74,398.95,14.192,106.779,0.28094,0.025270346001369903,0.059304977861263986,0.03999387653565001,0.07100671140939596,0.035383380754359095,0.018883587786259426,0.029084249084249114
2020-02-24,9595.54,74.09,261.7,370.34,13.143,101.476,0.266,-0.028722682781168518,-0.06155794806839776,-0.036947081769338364,-0.07171324727409456,-0.07391488162344984,-0.04966332331263634,-0.05317861465081519
2020-02-25,9377.98,71.63,250.42,355.55,12.566,96.096,0.2557,-0.022673033513486596,-0.03320286138480233,-0.04310278945357282,-0.03993627477453143,-0.04390169672068778,-0.05301746225708537,-0.03872180451127827
2020-02-26,8772.8,60.86,223.86,315.28,11.02,82.487,0.23093,-0.06453202075500275,-0.15035599609102324,-0.10606181614886978,-0.11326114470538617,-0.12303039949068928,-0.14161879786879794,-0.09687133359405553
2020-02-27,8750.93,61.14,226.26,323.71,11.197,88.753,0.23731,-0.0024929327010759783,0.0046007229707525354,0.010720986330742255,0.026738137528546035,0.01606170598911061,0.07596348515523665,0.027627419564370204
2020-02-28,8668.22,59.81,226.0,311.53,11.236,87.889,0.23595,-0.00945156686203652,-0.021753352960418693,-0.0011491204808626865,-0.03762627042723432,0.0034830758238815207,-0.00973488220116503,-0.005730900509881565
2020-02-29,8634.11,58.69,223.57,309.46,11.359,86.595,0.23392,-0.003935063946230999,-0.01872596555759909,-0.010752212389380511,-0.006644624915738473,0.010946956212175118,-0.014723116658512447,-0.008603517694426799
2020-03-01,8514.67,56.71,214.61,307.0,11.231,83.988,0.22488,-0.013833504553451448,-0.03373658204123353,-0.040076933398935366,-0.007949331092871437,-0.011268597587815843,-0.030105664299324486,-0.038645690834473334
2020-03-02,8943.22,62.0,233.05,342.03,12.175,91.612,0.24128,0.05033078205027319,0.0932816081819785,0.085923302735194,0.11410423452768725,0.08405306740272467,0.09077487260084771,0.07292778370686581
2020-03-03,8771.1,60.97,224.85,330.11,11.553,88.457,0.23401,-0.019245864464924156,-0.01661290322580644,-0.03518558249302728,-0.03485074408677591,-0.05108829568788498,-0.03443871981836444,-0.03013096816976124
2020-03-04,8726.86,60.01,222.88,317.51,11.675,86.746,0.23302,-0.005043837146994079,-0.015745448581269472,-0.008761396486546613,-0.038169095150101584,0.010560027698433228,-0.019342731496659327,-0.004230588436391569
2020-03-05,9111.47,62.24,231.87,339.33,12.16,90.786,0.2402,0.044071980070724104,0.037160473254457704,0.0403356066044509,0.06872224496866242,0.04154175588865083,0.0465727526341273,0.030812805767745255
2020-03-06,9130.5,63.25,240.85,350.94,12.284,93.409,0.24323,0.0020885762670568297,0.016227506426735205,0.03872859792124883,0.03421448147820705,0.010197368421052566,0.028892119930385762,0.012614487926727813
2020-03-07,8883.86,60.92,238.33,333.06,11.713,88.242,0.23717,-0.027012759432670674,-0.03683794466403156,-0.010462943740917496,-0.05094888015045307,-0.046483230218170135,-0.055315868920553735,-0.024914689799778067
2020-03-08,8251.33,52.59,209.86,280.05,10.446,77.347,0.20908,-0.0711999063470159,-0.136736703873933,-0.11945621617085556,-0.15916051161952793,-0.10817040894732344,-0.12346728315314714,-0.11843825104355532
2020-03-09,7855.07,48.98,198.13,266.51,9.668,71.259,0.20453,-0.04802377313717909,-0.06864422894086342,-0.05589440579433913,-0.048348509194786726,-0.07447826919394984,-0.0787102279338564,-0.021762004974172577
2020-03-10,7994.39,50.64,202.86,270.57,10.004,75.314,0.21293,0.017736315526150737,0.03389138423846472,0.023873214556099587,0.015233949945593128,0.03475382705833674,0.056905092690046066,0.041069769715934124
2020-03-11,7859.25,48.58,192.68,267.22,9.35,72.084,0.20708,-0.016904354178367664,-0.04067930489731442,-0.050182391797298664,-0.012381269172487608,-0.06537385045981603,-0.04288711262182321,-0.027473817686563762
2020-03-12,5768.3,32.91,127.76,170.13,6.322,50.458,0.15535,-0.2660495594363329,-0.32256072457801566,-0.33693170022835794,-0.36333358281565764,-0.32385026737967915,-0.300011098163254,-0.24980683793702918
2020-03-13,5431.41,35.94,128.86,172.89,6.017,49.398,0.15359,-0.05840368912851279,0.09206927985414781,0.008609893550407088,0.016222888379474387,-0.0482442265105979,-0.021007570652820107,-0.011329256517540909
2020-03-14,5288.68,35.09,126.42,170.03,5.961,46.93,0.15062,-0.0262786274650596,-0.023650528658875736,-0.018935278596927008,-0.01654231013939489,-0.00930696360312444,-0.04996153690432814,-0.019337196432059334
2020-03-15,5918.52,38.51,132.89,191.26,6.411,50.565,0.16353,0.11909209859549086,0.09746366486178393,0.05117861097927534,0.12486031876727632,0.07549068948163051,0.0774557852120179,0.08571238879298892
2020-03-16,4926.3,31.95,109.31,166.35,5.241,42.244,0.13838,-0.16764664139007723,-0.17034536484030116,-0.17743998795996674,-0.130241555997072,-0.18249883013570423,-0.16456046672599622,-0.15379441081147194
2020-03-17,5464.67,35.0,119.06,186.64,5.764,46.389,0.14878,0.10928485881899186,0.09546165884194058,0.08919586497118281,0.12197174631800412,0.09979011639000213,0.09812044313985435,0.07515536927301625
2020-03-18,5341.9,34.17,116.4,181.25,5.601,56.334,0.14612,-0.022466132447156117,-0.023714285714285688,-0.022341676465647553,-0.02887912558936989,-0.028278972935461555,0.21438272004138903,-0.017878747143433182
2020-03-19,6253.5,39.73,137.3,225.3,6.472,67.302,0.16464,0.1706508920047174,0.1627158326016973,0.17955326460481102,0.24303448275862083,0.1555079450098198,0.1946959207583343,0.12674514098001644
2020-03-20,5991.49,36.12,125.24,201.42,6.127,66.211,0.15188,-0.041898137043255845,-0.09086332746035741,-0.08783685360524407,-0.10599201065246344,-0.05330655129789874,-0.016210513803453175,-0.07750242954324604
2020-03-21,6334.6,39.23,135.55,201.42,6.336,73.738,0.15998,0.057266222592377014,0.08610188261351048,0.08232194187160657,0.0,0.034111310592459754,0.1136820165833472,0.053331577561232635
2020-03-22,6020.88,35.69,124.27,203.63,5.94,64.248,0.151,-0.0495248318757302,-0.0902370634718328,-0.08321652526742906,0.010972098103465333,-0.0625,-0.12869890694079034,-0.0561320165020629
2020-03-23,6419.3,38.96,132.5,219.43,6.533,69.637,0.15819,0.06617305111545146,0.09162230316615316,0.06622676430353258,0.0775917104552375,0.09983164983164983,0.0838780973726807,0.047615894039735096
2020-03-24,6751.94,40.26,139.9,226.6,6.868,69.375,0.16262,0.051818734129889465,0.033367556468172355,0.055849056603773706,0.03267556851843412,0.051278126435022164,-0.003762367706822478,0.02800429862823184
2020-03-25,6595.62,38.85,135.25,218.86,6.888,66.848,0.15986,-0.023151864501165575,-0.03502235469448578,-0.033238027162258765,-0.03415710503089131,0.0029120559114734768,-0.03642522522522529,-0.01697208215471646
2020-03-26,6745.0,39.39,136.65,224.94,6.867,67.656,0.16525,0.02264836361100242,0.013899613899613916,0.010351201478743022,0.027780316183861675,-0.0030487804878048808,0.012087123025371183,0.033717002377080085
2020-03-27,6682.0,40.07,137.54,225.45,6.854,70.68,0.18307,-0.009340252038547048,0.01726326478801732,0.00651298938894973,0.0022672712723392774,-0.0018931119848550892,0.04469670095778655,0.10783661119515875
2020-03-28,6245.95,39.07,130.98,214.95,6.6581,64.918,0.177,-0.06525740796168811,-0.024956326428749676,-0.047695215937181956,-0.04657351962741185,-0.028581850014590016,-0.08152235427277876,-0.03315671601026937
2020-03-29,5953.7,37.43,125.68,207.1,6.221,61.3596,0.16526,-0.04679032012744255,-0.04197594061940113,-0.040464193006565785,-0.036520120958362434,-0.06564935942686356,-0.054813765057457164,-0.0663276836158192
2020-03-30,6464.77,39.18,134.07,224.13,6.675,66.875,0.17373,0.08584073769252742,0.04675394068928673,0.06675684277530225,0.08223080637373248,0.07297862080051432,0.08988650512715202,0.05125257170519193
2020-03-31,6474.1,39.12,134.35,221.92,6.8387,65.93,0.17768,0.001443206796220009,-0.0015313935681470214,0.0020884612515850165,-0.009860348904653593,0.024524344569288425,-0.014130841121495208,0.022736430092672677
2020-04-01,6350.03,37.95,131.93,217.86,6.6224,63.8912,0.1734,-0.019164053690860605,-0.029907975460122582,-0.018012653516933264,-0.018294881038211863,-0.03162881834266751,-0.030923706961929476,-0.024088248536695223
2020-04-02,6739.55,39.77,140.5,231.64,6.915,67.5104,0.17688,0.061341442481374076,0.04795783926218711,0.06495869021450762,0.06325162948682617,0.044183377627446285,0.056646298707803355,0.02006920415224922
2020-04-03,6706.9,40.28,140.58,235.07,7.006,67.566,0.178,-0.00484453709817434,0.012823736484787407,0.000569395017793628,0.014807459851493787,0.013159797541576257,0.0008235768118689535,0.006331976481230184
2020-04-04,6837.18,40.47,143.62,237.01,7.186,68.246,0.1802,0.019424771503973703,0.004716981132075304,0.0216246976810357,0.008252860849959687,0.025692263773908097,0.01006423349021679,0.012359550561797716
2020-04-05,6759.61,40.28,142.56,230.28,6.969,66.604,0.17839,-0.011345320731646735,-0.0046948356807511304,-0.00738058766188554,-0.028395426353318376,-0.03019760645699965,-0.024060018169563047,-0.010044395116537208
2020-04-06,7227.9,44.05,163.99,250.12,7.72,71.632,0.19351,0.0692776654274434,0.09359483614697117,0.15032267115600462,0.08615598401945457,0.10776295020806415,0.07549096150381374,0.08475811424407187
2020-04-07,7113.37,44.2,163.24,248.61,7.547,70.338,0.19103,-0.015845542965453263,0.0034052213393871433,-0.004573449600585366,-0.006037102190948329,-0.02240932642487048,-0.018064552155461433,-0.012815875148571076
2020-04-08,7316.61,46.25,172.06,265.67,7.987,74.618,0.20078,0.028571549068866053,0.04638009049773739,0.054030874785591765,0.06862153573870722,0.05830131177951503,0.060849043191447016,0.05103910380568477
2020-04-09,7302.0,46.16,170.38,256.74,7.974,83.267,0.19871,-0.001996826399111029,-0.0019459459459459927,-0.009764035801464677,-0.03361312906989877,-0.0016276449229998269,0.11591037015197414,-0.010309791811933366
2020-04-10,6917.23,42.38,159.35,233.46,7.374,73.141,0.18837,-0.05269378252533563,-0.08188908145580576,-0.06473764526352854,-0.09067539144659964,-0.07524454477050424,-0.12160880060528168,-0.05203562981228915
2020-04-11,6794.99,41.87,154.94,225.67,7.165,73.749,0.18608,-0.017671813717340612,-0.012033978291647096,-0.027674929400690274,-0.03336760044547249,-0.028342826145917988,0.008312711064929257,-0.012156925200403568
2020-04-12,7120.75,43.37,164.0,241.33,7.629,77.125,0.18891,0.04794120373981414,0.035825173155003665,0.058474248096037185,0.0693933619887448,0.06475924633635732,0.04577689189005962,0.015208512467755897
2020-04-13,6825.62,41.17,156.51,224.39,7.272,73.442,0.18837,-0.04144647684583791,-0.05072630850818527,-0.04567073170731717,-0.07019433970082467,-0.0467951238694454,-0.04775364667747173,-0.00285850404954735
2020-04-14,6870.39,41.16,158.99,222.14,7.242,72.178,0.18574,0.006559111113715765,-0.00024289531212062787,0.015845632866909654,-0.010027184812157364,-0.004125412541254203,-0.017210860270689743,-0.013961883527101038
2020-04-15,6755.75,40.48,157.57,222.14,7.165,72.497,0.1854,-0.016686097877995354,-0.016520894071914483,-0.008931379332033584,0.0,-0.010632421982877616,0.004419629249909907,-0.0018305157747388057
2020-04-16,7057.49,42.58,172.37,232.05,7.544,75.894,0.1904,0.044664174962069314,0.0518774703557312,0.09392650885320819,0.04461150625731536,0.05289602233077462,0.046857111328744816,0.026968716289104577
2020-04-17,7054.72,42.33,170.85,232.75,7.52,75.809,0.18949,-0.0003924908147230344,-0.005871301080319413,-0.00881823983291763,0.003016591251885359,-0.0031813361611876534,-0.0011199831343717825,-0.004779411764705976
2020-04-18,7226.77,43.64,183.21,244.06,7.855,79.33,0.1935,0.024387927515195473,0.030947318686510794,0.07234416154521517,0.048592910848549886,0.044547872340425565,0.04644567267738653,0.021162066599820673
2020-04-19,7141.34,42.74,181.24,233.31,7.636,82.629,0.19084,-0.011821325433077345,-0.02062328139321723,-0.010752688172043001,-0.044046545931328396,-0.02788033099936349,0.041585780915164516,-0.013746770025839794
2020-04-20,6864.65,40.46,171.47,220.9,7.27,76.237,0.1822,-0.038744829401765046,-0.053345811885821215,-0.05390642242330612,-0.05319103338905318,-0.047930853850183364,-0.077357828365344,-0.04527352756235592
2020-04-21,6890.29,40.78,172.79,220.71,7.267,75.142,0.18453,0.003735077534907205,0.007909045971329798,0.007698139616259425,-0.0008601177003169092,-0.00041265474552942827,-0.014363104529296788,0.012788144895719
2020-04-22,7118.78,41.89,182.98,232.86,7.562,81.007,0.18793,0.03316115867401814,0.027219225110348244,0.058973320215290226,0.05504961261383712,0.04059446814366319,0.0780522211279977,0.01842518831626294
2020-04-23,7540.5,43.27,188.95,240.83,7.914,82.532,0.19498,0.059240487836399014,0.03294342325137278,0.0326265165591868,0.034226573907068625,0.04654853213435595,0.018825533595862032,0.03751396796679596
2020-04-24,7531.75,44.69,188.05,238.51,8.17,81.731,0.193,-0.0011604005039453913,0.032817194360988955,-0.004763164858427982,-0.009633351326662098,0.03234773818549419,-0.009705326418843585,-0.01015488768078765
2020-04-25,7548.6,44.54,194.02,238.92,8.5,85.595,0.194,0.002237195870813613,-0.0033564555829044274,0.03174687583089608,0.0017190054924320908,0.04039167686658507,0.04727704298246693,0.005181347150259086
2020-04-26,7644.53,44.46,196.89,245.22,8.647,84.57,0.19634,0.012708316773971218,-0.0017961383026492417,0.01479228945469524,0.026368658965344016,0.017294117647058904,-0.011974998539634352,0.012061855670103094
2020-04-27,7706.09,43.91,193.65,237.98,8.348,81.792,0.195,0.008052816850741662,-0.012370670265407169,-0.01645588907511797,-0.029524508604518385,-0.03457846652018037,-0.03284852784675407,-0.006824895589283786
2020-04-28,7735.79,44.88,196.48,239.99,8.418,82.112,0.21242,0.0038540946186718106,0.022090639945342883,0.014613994319648826,0.008446087906546884,0.008385241974125268,0.00391236306729259,0.08933333333333326
2020-04-29,8929.13,48.87,216.75,261.24,9.205,85.899,0.22854,0.15426220205046914,0.08890374331550799,0.10316571661237783,0.08854535605650238,0.09349014017581392,0.0461199337490259,0.07588739290085678
2020-04-30,8822.59,47.07,211.53,254.27,8.926,81.831,0.21459,-0.011931733550748946,-0.036832412523020164,-0.024083044982698976,-0.02668044709845352,-0.030309614340032542,-0.047357943631474164,-0.06103964295090569
2020-05-01,8730.3,46.95,209.67,253.21,9.046,82.461,0.21581,-0.010460647043555316,-0.002549394518801762,-0.008793078995887216,-0.004168796948125997,0.013443871835088439,0.007698793855629216,0.005685260263758707
2020-05-02,8668.45,41.87,188.1,234.75,9.82,71.816,0.195,-0.007084521723193737,-0.10820021299254534,-0.10287594791815713,-0.0729039137474824,0.08556267963740893,-0.1290913280217314,-0.09642741300217783
2020-05-03,9648.0,47.63,211.99,266.8,11.173,80.393,0.21925,0.11300174771729643,0.1375686649152139,0.12700691121743768,0.1365282215122472,0.1377800407331975,0.11943021053804159,0.12435897435897436
2020-05-04,8918.22,46.92,207.23,246.14,9.03,79.427,0.21909,-0.07564054726368163,-0.014906571488557674,-0.02245388933440262,-0.07743628185907059,-0.19180166472746807,-0.0120159715398106,-0.0007297605473204349
2020-05-05,8957.35,46.47,204.96,245.35,9.027,79.473,0.21662,0.004387646862266337,-0.009590792838874762,-0.010954012449934769,-0.0032095555374989093,-0.00033222591362125353,0.0005791481486143724,-0.011273905700853515
2020-05-06,9253.74,46.32,205.5,246.38,9.163,78.957,0.21716,0.0330890274467337,-0.0032278889606197625,0.002634660421545698,0.0041980843692683845,0.015065913370998274,-0.00649277112981772,0.0024928446126857295
2020-05-07,9801.25,47.42,211.82,252.0,9.802,78.925,0.21773,0.05916634787664243,0.023747841105353995,0.030754257907542604,0.02281029304326654,0.06973698570337228,-0.0004052838886988708,0.0026247927795175485
2020-05-08,10000.0,47.93,214.49,264.39,10.688,79.749,0.22012,0.02027802576202009,0.01075495571488827,0.0126050420168069,0.04916666666666658,0.0903897163844114,0.010440291415901193,0.010976897992927004
2020-05-09,9648.0,47.63,211.99,266.8,11.173,80.393,0.21925,-0.03520000000000001,-0.006259127894846617,-0.011655555037530907,0.009115322062105413,0.045377994011976064,0.008075336367854291,-0.003952389605669682
2020-05-10,8668.45,41.87,188.1,234.75,9.82,71.816,0.195,-0.10152881426202309,-0.12093218559731267,-0.11269399499976418,-0.12012743628185907,-0.12109549807571818,-0.10668839326807056,-0.11060433295324967
2020-05-11,8633.99,41.37,186.77,230.93,9.612,70.065,0.19178,-0.003975335844355166,-0.011941724385001184,-0.007070707070707005,-0.016272630457933923,-0.02118126272912424,-0.024381753369722703,-0.016512820512820547
2020-05-12,8817.13,42.26,189.6,233.14,10.051,73.151,0.19737,0.021211514027697387,0.021513173797437668,0.015152326390747817,0.009569999566968246,0.04567207657095307,0.044044815528437864,0.029147982062780242
2020-05-13,9295.62,43.23,198.55,238.02,10.297,73.824,0.20193,0.05426822560175504,0.022953147184098466,0.04720464135021096,0.020931629064081747,0.024475176599343396,0.009200147639813583,0.02310381516947868
2020-05-14,9663.5,43.84,202.69,241.17,10.14,74.578,0.20349,0.03957562809150961,0.01411057136247984,0.02085117098967504,0.013234182001512274,-0.015247159366805874,0.010213480710880019,0.00772544941316311
2020-05-15,9237.2,42.25,193.26,232.43,9.853,72.171,0.19613,-0.044114451285765965,-0.036268248175182594,-0.04652424885292816,-0.03623999668283773,-0.02830374753451681,-0.03227493362653866,-0.036168853506314824
2020-05-16,9379.5,43.11,200.14,236.0,9.958,74.032,0.19924,0.015405101112891284,0.020355029585798823,0.03559971023491659,0.01535946306414826,0.010656652796102728,0.02578598051849057,0.015856829653801086
2020-05-17,9739.01,43.86,207.72,242.55,10.169,75.712,0.20224,0.03832933525241211,0.01739735560194844,0.03787348855800943,0.02775423728813564,0.021188993773850306,0.0226928895612708,0.015057217426219571
2020-05-18,9673.73,45.08,212.82,245.21,10.264,75.681,0.20405,-0.006702940031892424,0.027815777473780168,0.024552281917966434,0.010966810966810847,0.009342118202379623,-0.0004094463229079581,0.008949762658227778
2020-05-19,9694.27,45.19,212.49,245.25,10.201,76.206,0.20422,0.0021232761303036085,0.0024401064773735825,-0.0015506061460388576,0.00016312548427865892,-0.006137957911145686,0.0069370119316605194,0.0008331291350158754
2020-05-20,9590.01,44.26,210.37,240.4,10.128,77.169,0.20192,-0.010754806705404296,-0.020579774286346497,-0.009976940091298458,-0.019775739041794083,-0.007156161160670527,0.012636800251948577,-0.011262364117128665
2020-05-21,9060.0,42.59,198.86,228.04,9.535,75.926,0.19388,-0.05526688710439298,-0.03773158608224114,-0.05471312449493748,-0.05141430948419312,-0.058550552922590815,-0.016107504308724985,-0.039817749603803465
2020-05-22,9183.75,44.38,208.65,235.13,10.47,75.061,0.20142,0.01365894039735105,0.04202864522188299,0.04923061450266508,0.03109103666023505,0.09805977975878344,-0.01139267181202741,0.03889003507324107
2020-05-23,9233.84,44.17,207.89,235.56,10.261,74.524,0.20035,0.005454198992786097,-0.004731861198738141,-0.00364246345554764,0.0018287755709607278,-0.019961795606494914,-0.007154181265903836,-0.005312282792175438
2020-05-24,9001.0,43.13,206.2,228.61,9.874,73.997,0.19702,-0.02521594482902023,-0.023545392800543352,-0.008129299148588176,-0.02950416029886227,-0.037715622259038906,-0.007071547420965052,-0.016620913401547255
2020-05-25,8916.79,42.98,204.77,231.12,9.947,73.518,0.19531,-0.00935562715253846,-0.003477857639694104,-0.0069350145489814885,0.010979397226718035,0.007393153737087266,-0.0064732354014351845,-0.008679321896254089
2020-05-26,8857.39,42.49,202.06,229.01,9.999,73.24,0.19472,-0.006661590101370685,-0.01140065146579794,-0.013234360502026754,-0.009129456559363147,0.005227706846285374,-0.0037813868712425203,-0.0030208386667349707
2020-05-27,9172.9,43.53,206.72,231.55,9.955,73.368,0.19734,0.03562110283051778,0.024476347375853136,0.02306245669603091,0.01109121872407326,-0.004400440044004417,0.0017476788640087282,0.013455217748561843
2020-05-28,9451.4,44.36,214.52,236.47,10.242,74.077,0.19807,0.030361172584460805,0.019067309901217522,0.03773219814241502,0.021248110559274336,0.028829733802109514,0.009663613564496742,0.0036991993513733057
2020-05-29,9415.75,44.58,220.37,237.53,10.216,73.837,0.1969,-0.003771927968343247,0.004959422903516586,0.027270184598172653,0.00448259821541841,-0.0025385666861942324,-0.003239872025054935,-0.005907002574847331
2020-05-30,9439.7,46.64,235.4,244.13,10.731,77.291,0.20247,0.0025436104399543247,0.0462090623598026,0.06820347597222853,0.027785963878246944,0.05041111981205959,0.04677871527824795,0.028288471305231155
2020-05-31,9507.92,46.5,235.46,243.77,11.43,78.023,0.20791,0.007226924584467609,-0.003001715265866234,0.0002548853016142161,-0.0014746241756440348,0.06513838412077155,0.009470701634084255,0.026868178001679288
2020-06-01,9681.1,47.35,241.63,245.25,12.431,78.012,0.20643,0.01821428871929931,0.018279569892473146,0.02620402616155615,0.006071296714115659,0.08757655293088362,-0.00014098406880014291,-0.007118464720311746
2020-06-02,9519.27,45.65,236.24,249.31,12.038,78.237,0.20168,-0.01671607565256017,-0.035902851108764566,-0.022306832760832673,0.01655453618756364,-0.03161451210682964,0.0028841716658973837,-0.023010221382551044
2020-06-03,9580.46,47.01,241.68,251.54,12.312,77.765,0.20328,0.006428013912831432,0.029791894852135847,0.023027429732475513,0.008944687337050228,0.022761256022594933,-0.006032951161215161,0.007933359777865912
2020-06-04,9785.49,47.29,241.65,254.8,12.076,77.937,0.20379,0.021400851316116354,0.005956179536268813,-0.00012413108242304016,0.012960165381251665,-0.019168291098115575,0.002211791937246854,0.002508854781582137
2020-06-05,9713.59,47.03,241.54,257.54,11.905,78.207,0.20303,-0.007347613660634189,-0.005497991118629697,-0.00045520380715913245,0.010753532182103731,-0.014160317986088189,0.0034643365795450354,-0.0037293292114431997
2020-06-06,9700.2,46.84,242.02,254.27,11.828,78.484,0.20401,-0.0013784810765122835,-0.004039974484371656,0.0019872484888632247,-0.012697056767880799,-0.006467870642587137,0.0035418824401907134,0.004826872875929755
2020-06-07,9729.74,46.69,242.51,252.52,11.691,77.921,0.20236,0.0030452980350919034,-0.0032023911187021303,0.0020246260639615876,-0.006882447791717428,-0.011582685153872063,-0.007173436624025142,-0.008087838831429717
2020-06-08,9701.85,46.09,242.41,252.31,11.572,77.333,0.20209,-0.002866469196504684,-0.012850717498393505,-0.000412354129726622,-0.0008316172976398084,-0.010178769994012571,-0.007546104387777475,-0.001334255781775151
2020-06-09,9747.0,45.82,243.55,253.18,11.706,77.394,0.20111,0.00465375160407544,-0.005858103710132401,0.004702776288106891,0.003448139193848787,0.01157967507777391,0.00078879650343322,-0.004849324558364954
2020-06-10,9865.36,46.6,247.81,256.65,11.941,78.216,0.20292,0.012143223555965976,0.01702313400261901,0.017491274892219133,0.01370566395449857,0.02007517512386814,0.01062097837041609,0.009000049724031456
2020-06-11,9337.0,43.61,232.3,237.94,10.94,73.281,0.19045,-0.053557092696059794,-0.06416309012875543,-0.06258827327387917,-0.07290083771673483,-0.083828825056528,-0.06309450751764334,-0.06145278927656206
2020-06-12,9461.83,44.77,237.39,240.23,10.92,73.505,0.19289,0.01336939059655129,0.026599403806466526,0.02191132156693909,0.009624275027317886,-0.001828153564899404,0.003056726845976243,0.012811761617222306
2020-06-13,9397.68,44.74,236.81,240.01,10.922,73.133,0.19213,-0.006779872392549846,-0.000670091579182519,-0.002443236867601728,-0.000915789035507597,0.0001831501831501825,-0.005060880212230501,-0.003940069469645979
2020-06-14,9381.7,44.2,234.12,237.55,10.801,72.825,0.1913,-0.0017004196780481262,-0.0120697362539115,-0.01135931759638531,-0.010249572934460938,-0.011078557040835046,-0.004211505066112342,-0.0043199916723052345
2020-06-15,9488.6,44.02,232.87,236.71,10.54,71.937,0.1929,0.011394523380623856,-0.004072398190045234,-0.005339142320177737,-0.0035360976636498176,-0.02416442921951678,-0.012193614830072197,0.008363826450601186
2020-06-16,9491.79,43.78,233.79,235.98,10.525,72.303,0.19121,0.000336192905170396,-0.005452067242162739,0.003950702108472592,-0.003083942376748028,-0.0014231499051232666,0.005087785145335477,-0.008761016070502836
2020-06-17,9373.75,43.72,231.05,238.55,10.475,71.861,0.19161,-0.012436010489064842,-0.0013704888076747634,-0.011719919585953087,0.010890753453682622,-0.004750593824228044,-0.006113162662683358,0.002091940798075509
2020-06-18,9338.36,43.07,229.07,234.0,10.317,71.0,0.18895,-0.0037754367248965526,-0.014867337602927688,-0.008569573685349607,-0.019073569482288888,-0.015083532219570372,-0.011981464215638615,-0.01388236522102182
2020-06-19,9314.44,43.09,229.11,233.31,10.323,70.283,0.18767,-0.002561477604204554,0.00046436034362673517,0.0001746191120619578,-0.0029487179487179827,0.0005815644082582949,-0.01009859154929571,-0.006774278909764453
2020-06-20,9316.33,43.44,227.55,230.66,10.179,70.064,0.18753,0.00020291074933109776,0.008122534230679879,-0.006808956396490817,-0.01135827868501138,-0.013949433304272008,-0.003115973990865606,-0.0007459903021260761
2020-06-21,9328.1,43.04,228.98,231.3,10.386,70.207,0.1862,0.0012633730234974383,-0.009208103130755041,0.006284333113601326,0.0027746466660887315,0.020335985853227045,0.0020409910938570253,-0.007092198581560294
2020-06-22,9645.76,44.38,244.71,241.76,10.775,72.201,0.18919,0.03405409461733888,0.031133828996282586,0.06869595597868816,0.0452226545611758,0.037454265357211636,0.028401726323586063,0.016058002148227724
2020-06-23,9628.5,44.19,243.21,241.98,11.066,74.51,0.1891,-0.0017893872540888367,-0.004281207751239413,-0.0061297045482408,0.0009099933818663697,0.027006960556844595,0.03198016647968882,-0.000475712246947535
2020-06-24,9289.17,42.65,234.96,232.52,10.445,72.193,0.18291,-0.035242249571584394,-0.03484951346458476,-0.03392130257801895,-0.03909414001157108,-0.05611783842400153,-0.03109649711448137,-0.03273400317292441
2020-06-25,9275.58,42.36,234.0,232.33,10.352,71.455,0.1819,-0.0014629940026934518,-0.006799531066822961,-0.0040858018386108474,-0.000817134009977627,-0.008903781713738623,-0.010222597758785423,-0.005521841342736811
2020-06-26,9185.59,43.23,229.94,230.5,10.219,70.728,0.18321,-0.009701819185431004,0.020538243626062158,-0.017350427350427355,-0.007876727069255018,-0.0128477588871716,-0.010174235532852904,0.007201759208356195
2020-06-27,8943.17,40.56,218.8,213.1,9.5,66.511,0.1736,-0.026391336865677628,-0.06176266481609982,-0.048447421066365126,-0.07548806941431674,-0.0703591349447108,-0.05962278022848089,-0.05245346869712353
2020-06-28,9104.43,41.32,224.72,222.99,10.036,67.649,0.17756,0.018031637551338076,0.018737672583826415,0.027056672760511935,0.04641013608634448,0.05642105263157893,0.017109951737306783,0.02281105990783394
2020-06-29,9178.24,41.68,227.33,223.28,10.225,68.137,0.17821,0.008107042395844699,0.00871248789932233,0.01161445354218582,0.0013005067491815847,0.018832204065364788,0.007213706041478751,0.0036607343996395425
2020-06-30,9144.25,41.12,225.39,221.7,10.04,68.27,0.17579,-0.003703324384631501,-0.013435700575815779,-0.00853384946993374,-0.007076316732354093,-0.018092909535452395,0.0019519497483011516,-0.013579484877391912
2020-07-01,9239.75,41.69,231.3,224.11,10.153,68.386,0.17653,0.010443721464308275,0.013861867704280106,0.026221216557966276,0.01087054578258928,0.01125498007968151,0.0016991357843856303,0.004209568234825545
2020-07-02,9077.53,40.88,226.25,219.36,9.932,66.541,0.17448,-0.017556752076625326,-0.019429119692971786,-0.021833117163856497,-0.021194948909017852,-0.0217669654289373,-0.02697920627028927,-0.01161275703846365
2020-07-03,9088.51,41.37,226.73,222.53,9.861,66.725,0.1773,0.0012095801390905603,0.011986301369862895,0.0021215469613258264,0.014451130561633718,-0.007148610551751866,0.0027652124254218258,0.016162310866575158
2020-07-04,9132.7,41.86,228.98,225.38,9.923,67.666,0.17818,0.004862183130128095,0.011844331641285955,0.009923697790323205,0.012807261942209935,0.006287394787546807,0.01410266017234929,0.004963338973491105
2020-07-05,9010.86,41.36,224.89,220.11,9.768,66.45,0.17612,-0.013341071096170887,-0.011944577161968506,-0.0178618219931872,-0.023382731386990763,-0.01562027612617145,-0.01797062040020092,-0.011561342462678259
2020-07-06,9274.91,43.5,238.23,238.47,10.22,69.363,0.186,0.029303529296870634,0.051740812379110324,0.05931788874560895,0.08341283903502794,0.046273546273546184,0.04383747178329567,0.056098114921644404
2020-07-07,9253.67,43.26,238.84,236.9,10.523,69.939,0.18382,-0.0022900491756793206,-0.0055172413793104225,0.002560550728287758,-0.0065836373548034954,0.02964774951076321,0.008304139094329699,-0.01172043010752677
2020-07-08,9432.0,45.22,246.23,243.22,11.02,72.399,0.20293,0.019271272911180137,0.04530744336569592,0.030941215876737482,0.02667792317433504,0.047229877411384624,0.035173508342984716,0.10396039603960383
2020-07-09,9233.0,44.03,241.1,236.84,10.799,71.23,0.20059,-0.02109838846480072,-0.02631578947368418,-0.020834179425740174,-0.02623139544445352,-0.02005444646098009,-0.016146631859556004,-0.011531069827034002
2020-07-10,9233.75,44.09,239.12,236.76,10.364,71.353,0.198,8.12303693273897e-05,0.0013627072450601574,-0.008212360016590536,-0.00033778078027368874,-0.040281507546995,0.0017268005054049684,-0.012911909865895521
2020-07-11,9233.75,44.09,239.12,236.76,10.364,71.353,0.198,0.0,0.0,0.0,0.0,0.0,0.0,0.0
2020-07-12,9240.5,44.29,238.67,235.12,10.711,71.285,0.19933,0.0007310139434140162,0.004536176003628878,-0.0018819003011041335,-0.0069268457509713555,0.033481281358548776,-0.0009530082827631237,0.006717171717171677
2020-07-13,9245.52,43.68,238.81,229.91,10.732,72.159,0.198,0.0005432606460689104,-0.01377286069090089,0.0005865839862573274,-0.0221588975842123,0.0019606012510502424,0.01226064389422743,-0.006672352380474589
2020-07-14,9272.5,43.71,241.64,230.78,10.972,72.257,0.199,0.0029181700975173808,0.0006868131868131844,0.011850425024077627,0.0037840894262972657,0.02236302646291466,0.0013581119472276804,0.005050505050504972
2020-07-15,9210.33,43.26,237.93,227.6,11.05,70.963,0.19781,-0.006704772175788576,-0.01029512697323276,-0.015353418308227007,-0.01377935696334176,0.007109004739336511,-0.017908299541913086,-0.005979899497487451
2020-07-16,9102.22,41.88,232.59,222.1,10.525,69.114,0.19193,-0.011737907327967645,-0.031900138696255076,-0.022443575841634145,-0.024165202108963113,-0.04751131221719462,-0.026055831912404903,-0.029725494161063737
2020-07-17,9164.3,41.91,232.87,222.6,10.628,69.598,0.19367,0.006820314165115748,0.0007163323782233277,0.0012038350745948723,0.002251238180999593,0.009786223277909789,0.007002922707410875,0.009065805241494473
2020-07-18,9192.6,42.69,236.54,225.15,10.627,69.367,0.20099,0.0030880700108029124,0.018611309949892574,0.015759866019667612,0.011455525606469008,-9.409108016555923e-05,-0.003319060892554293,0.037796251355398214
2020-07-19,9174.65,42.39,235.56,225.64,10.573,69.379,0.199,-0.0019526575723952666,-0.007027406886858656,-0.00414306248414642,0.0021763268931822566,-0.005081396443022523,0.0001729929217062498,-0.00990099009900991
2020-07-20,9170.28,41.89,236.44,223.03,10.427,69.166,0.19527,-0.00047631244788615135,-0.011795234725171078,0.0037357785702156754,-0.011567098032263745,-0.01380875815757121,-0.0030700932558844762,-0.018743718592964864
2020-07-21,9368.75,43.59,245.14,229.31,11.185,70.486,0.19802,0.021642741552057254,0.04058247791835767,0.03679580443241415,0.028157646953324678,0.07269588568140417,0.019084521296590884,0.014083064474829765
2020-07-22,9390.0,43.82,245.75,232.22,11.31,71.614,0.20055,0.0022681787858571667,0.005276439550355505,0.0024883739903729385,0.012690244646984317,0.011175681716584673,0.01600317793604411,0.012776487223512767
2020-07-23,9595.82,44.81,273.35,237.86,11.344,73.193,0.20692,0.021919062832800762,0.022592423550890084,0.11230925737538167,0.02428731375419857,0.003006189213085708,0.022048761415365714,0.031762652705060956
2020-07-24,9627.9,44.5,286.05,238.73,11.191,72.273,0.20521,0.0033431223178426173,-0.006918098638696746,0.0464605816718493,0.003657613722357622,-0.013487306064880022,-0.012569508013061337,-0.00826406340614727
2020-07-25,9736.5,49.37,305.81,252.87,11.587,74.82,0.21613,0.011279718318636611,0.10943820224719092,0.06907883237196288,0.05923009257319989,0.03538557769636297,0.03524137644763603,0.05321378100482432
2020-07-26,9897.83,47.92,310.7,246.38,11.538,75.048,0.21563,0.016569609202485402,-0.029370062791168605,0.015990320787417023,-0.025665361648277818,-0.004228877189954239,0.0030473135525261874,-0.0023134224772127787
2020-07-27,10892.7,54.54,324.8,270.48,11.364,78.392,0.22669,0.10051395103775285,0.13814691151919867,0.04538139684583209,0.09781638119977276,-0.015080603224128963,0.04455814945101788,0.0512915642535825
2020-07-28,10976.83,56.66,319.83,294.1,11.826,80.502,0.2336,0.00772352125735587,0.03887055372203885,-0.015301724137931072,0.08732623484176272,0.04065469904963037,0.026916011837942566,0.030482156248621495
2020-07-29,11218.48,55.93,322.45,291.14,11.818,82.831,0.24346,0.02201455247097739,-0.01288386869043412,0.008191851921333315,-0.010064603876232647,-0.0006764755623204222,0.028930958237062487,0.042208904109588996
2020-07-30,11146.75,57.62,338.66,295.2,11.891,82.435,0.24869,-0.00639391432707459,0.03021634185589117,0.050271359900759816,0.01394518101257125,0.006177018107971,-0.004780818775579232,0.02148196829047877
2020-07-31,11340.25,58.33,345.58,302.25,11.996,82.971,0.25434,0.01735931998116036,0.012322110378340856,0.020433473099864097,0.02388211382113825,0.00883020772012455,0.006502092557772787,0.02271904781052725
2020-08-01,11839.82,61.99,387.0,319.77,13.386,93.823,0.29364,0.04405282070501082,0.06274644265386597,0.11985647317553094,0.05796526054590556,0.11587195731910627,0.13079268660134247,0.1545175748997405
2020-08-02,11096.66,56.99,373.25,283.2,12.2,84.346,0.28328,-0.06276784613279596,-0.0806581706726891,-0.03552971576227393,-0.1143634487287738,-0.08860002988196625,-0.10100934738816703,-0.03528129682604564
2020-08-03,11382.66,58.88,390.01,299.17,12.473,88.606,0.31305,0.025773521041466463,0.033163712932093414,0.0449028801071667,0.05639124293785325,0.0223770491803279,0.05050624807341175,0.10509036995199095
2020-08-04,11212.08,57.45,388.11,287.2,12.528,86.418,0.298,-0.014985952316945217,-0.024286684782608647,-0.00487166995718058,-0.04001069625965181,0.00440952457307775,-0.024693587341714895,-0.04807538731831973
2020-08-05,11692.16,59.42,400.65,294.74,12.811,93.127,0.30252,0.04281810333140679,0.03429068755439513,0.03231042745613344,0.026253481894150443,0.02258939974457208,0.07763428915272264,0.015167785234899478
2020-08-06,11858.83,59.61,396.09,314.82,13.085,102.52,0.30725,0.014254851113908895,0.0031975765735441364,-0.011381505054286811,0.06812784148741269,0.021387869799391224,0.10086226336078696,0.01563532989554406
2020-08-07,11545.0,57.19,377.59,301.37,12.83,96.507,0.29257,-0.026463824846127304,-0.04059721523234361,-0.0467065565906738,-0.042722825741693615,-0.019487963316774937,-0.05865197034724923,-0.04777868185516687
2020-08-08,11714.01,57.58,388.3,301.5,12.895,97.211,0.2922,0.014639237765266433,0.006819374016436397,0.028364098625493384,0.00043136344028926743,0.00506625097427893,0.007294807630534583,-0.0012646546125713032
2020-08-09,11545.0,57.19,377.59,301.37,12.83,96.507,0.29257,-0.014428022513212846,-0.006773185133727044,-0.02758176667525114,-0.00043117744610277065,-0.005040713454827372,-0.007241978788408598,0.0012662559890486147
2020-08-10,11854.0,58.12,395.0,301.52,14.375,95.527,0.29471,0.026764833261152088,0.01626158419304069,0.04610821261156284,0.0004977270464876504,0.12042088854247845,-0.01015470380386918,0.007314488840277633
2020-08-11,11210.5,53.03,373.11,274.15,13.47,86.957,0.275,-0.05428547325797195,-0.08757742601514107,-0.05541772151898727,-0.09077341469885913,-0.06295652173913036,-0.08971285605116885,-0.06687930507956974
2020-08-12,11582.0,54.7,386.21,283.85,14.281,90.614,0.28263,0.03313857544266541,0.03149160852347732,0.03511028919085524,0.0353820900966626,0.06020786933927247,0.042055268696022274,0.027745454545454518
2020-08-13,11609.46,54.79,410.32,284.63,14.286,89.345,0.28405,0.0023709203937143375,0.001645338208409397,0.062427176924471084,0.0027479302448474296,0.0003501155381275822,-0.014004458472200776,0.00502423663446927
2020-08-14,11769.25,56.93,440.3,293.61,15.084,91.959,0.3044,0.013763775403851763,0.039058222303339996,0.07306492493663486,0.03154973123001792,0.055858882822343636,0.02925737310425891,0.07164231649357489
2020-08-15,11883.0,60.15,432.25,304.11,15.274,95.067,0.30021,0.009665016887227207,0.05656068856490415,-0.01828298887122415,0.03576172473689598,0.012596128347918345,0.0337976707010732,-0.013764783180026385
2020-08-16,11849.0,61.54,430.57,303.95,15.24,92.908,0.2989,-0.0028612303290415086,0.023108894430590166,-0.003886639676113357,-0.0005261254151459616,-0.0022260049757757416,-0.022710299052247307,-0.004363612138169826
2020-08-17,12321.37,67.58,438.85,322.15,16.696,98.309,0.32556,0.03986581146088275,0.09814754631134215,0.01923032259562918,0.05987826945221242,0.09553805774278223,0.058132776510096074,0.08919371027099365
2020-08-18,12046.21,66.97,428.11,308.44,16.373,93.978,0.3083,-0.02233193224454766,-0.009026339153595742,-0.024473054574456032,-0.042557814682601225,-0.019345951126018224,-0.04405496953483412,-0.05301634107384201
2020-08-19,11713.54,60.88,404.18,287.93,15.855,88.403,0.28559,-0.02761615479059376,-0.09093624010751078,-0.0558968489406928,-0.06649591492672802,-0.03163745190252254,-0.059322394602992046,-0.07366201751540713
2020-08-20,11858.3,62.74,415.75,293.15,17.037,91.197,0.29125,0.012358347689938265,0.030551905387647738,0.028625859765450956,0.01812940645295713,0.07455061494796578,0.03160526226485527,0.019818621100178513
2020-08-21,11613.07,60.18,395.2,286.92,17.194,88.621,0.28175,-0.020680030021166584,-0.04080331526936565,-0.049428743235117256,-0.021251918812894344,0.009215237424429201,-0.02824654319769304,-0.032618025751072977
2020-08-22,11613.06,59.41,389.0,282.34,18.555,89.223,0.28124,-8.610987447532636e-07,-0.012794948487869773,-0.01568825910931171,-0.015962637669036828,0.0791555193672211,0.0067929723203303816,-0.0018101153504880285
2020-08-23,11666.59,60.85,392.47,285.09,18.33,91.141,0.28454,0.004609465549992864,0.024238343713179678,0.008920308483290507,0.009740029751363677,-0.012126111560226471,0.021496699281575493,0.01173375053335235
2020-08-24,11735.0,61.85,402.0,289.12,18.35,90.947,0.28722,0.005863752818947132,0.016433853738701654,0.02428211073457831,0.014135886912904905,0.0010911074740864724,-0.002128570017884357,0.009418710901806238
2020-08-25,11266.75,57.66,377.42,271.56,16.638,83.5,0.27365,-0.03990200255645504,-0.06774454324979795,-0.06114427860696514,-0.06073602656336474,-0.09329700272479557,-0.08188285484952773,-0.047246013508808526
2020-08-26,11510.95,58.56,387.95,276.52,17.569,86.813,0.27823,0.02167439589943876,0.015608740894901274,0.027899952307773868,0.0182648401826484,0.055956244740954286,0.03967664670658677,0.01673670747304934
2020-08-27,11266.5,55.41,379.38,262.51,17.362,82.508,0.26168,-0.02123630108722574,-0.05379098360655743,-0.02209047557674959,-0.05066541299001881,-0.011782116227446071,-0.04958934721758268,-0.05948316141321908
2020-08-28,11510.0,56.92,393.87,268.09,18.195,84.685,0.271,0.021612745750676732,0.027251398664501103,0.03819389530286266,0.021256333092072532,0.04797834350881236,0.02638532021137352,0.035616019565881896
2020-08-29,11517.14,57.62,406.08,270.87,21.508,86.252,0.2761,0.0006203301476976897,0.012297962052002731,0.031000076167263302,0.01036965198254336,0.18208298983237148,0.018503867272834595,0.018819188191881997
2020-08-30,11510.0,56.92,393.87,268.09,18.195,84.685,0.271,-0.0006199455767663675,-0.012148559527941583,-0.03006796690307323,-0.010263225901724238,-0.15403570764366747,-0.018167694662152734,-0.01847156827236507
2020-08-31,11680.47,60.88,432.57,274.37,20.486,86.849,0.28019,0.014810599478714215,0.06957132817990153,0.09825576967019578,0.0234249692267523,0.12591371255839512,0.02555352187518456,0.033911439114391095
2020-09-01,12024.75,63.68,481.9,285.93,22.135,89.473,0.29399,0.02947484133772016,0.04599211563731931,0.11403934623297962,0.04213288624849665,0.0804939958996389,0.03021335881817855,0.049252293086833765
2020-09-02,11372.5,58.0,436.16,262.44,20.128,83.147,0.27588,-0.05424229193954133,-0.08919597989949746,-0.09491595766756578,-0.0821529745042493,-0.09067088321662531,-0.07070289361036286,-0.061600734718867844
2020-09-03,10782.44,53.48,406.19,245.03,18.859,76.064,0.26492,-0.051884809848318225,-0.07793103448275862,-0.06871331621423338,-0.0663389727175735,-0.06304650238473763,-0.08518647696248827,-0.03972741771784838
2020-09-04,10602.0,51.18,391.59,235.4,19.024,73.312,0.25668,-0.01673461665448639,-0.043006731488406835,-0.03594377015682326,-0.0393013100436681,0.008749138342435847,-0.036180058897770206,-0.031103729427751636
2020-09-05,10091.49,47.29,332.75,221.47,17.132,66.801,0.23768,-0.04815223542727787,-0.07600625244236026,-0.1502591996731274,-0.05917587085811382,-0.09945332211942803,-0.08881219991270184,-0.074022128720586
2020-09-06,10239.65,48.37,350.6,228.83,17.541,71.001,0.23946,0.014681677334070553,0.022837809262000297,0.05364387678437277,0.033232491985370594,0.02387345318701839,0.06287331027978627,0.007489060922248436
2020-09-07,10151.79,47.88,345.22,222.87,17.181,74.164,0.23886,-0.008580371399412923,-0.010130246020260358,-0.01534512264689103,-0.026045535987414326,-0.020523345305284768,0.04454866832861515,-0.00250563768479084
2020-09-08,10017.75,46.91,335.6,220.56,16.925,72.074,0.23457,-0.013203582816429527,-0.020258980785296643,-0.02786628816406933,-0.010364786646924196,-0.014900180431872467,-0.028180788522733424,-0.017960311479527702
2020-09-09,10264.0,48.12,353.16,225.02,17.519,75.885,0.24032,0.024581368071672882,0.025794073758260483,0.052324195470798474,0.020221254987305093,0.03509601181683886,0.0528762105613676,0.024512938568444387
2020-09-10,10301.23,48.4,365.35,225.91,17.932,76.117,0.24217,0.003627240841777013,0.005818786367414841,0.0345169328349757,0.003955203981868216,0.023574404931788306,0.003057257692561155,0.007698069241012018
2020-09-11,10327.84,48.96,368.45,223.57,20.277,76.115,0.24282,0.0025831866679999482,0.011570247933884392,0.008485014369782329,-0.010358107210836187,0.13077180459513738,-2.627533928045711e-05,0.0026840649130777106
2020-09-12,10441.12,50.92,383.7,228.48,21.329,79.046,0.24677,0.010968411594292737,0.04003267973856217,0.04138960510245626,0.02196180167285422,0.05188144202791345,0.038507521513499565,0.016267193806111413
2020-09-13,10256.91,47.68,359.01,220.85,19.456,74.125,0.23909,-0.01764274330723148,-0.06362922230950518,-0.06434714620797499,-0.03339460784313719,-0.08781471236344884,-0.062254889557978976,-0.031122097499696078
2020-09-14,10695.98,48.79,376.26,226.98,21.728,75.255,0.24641,0.042807239217269144,0.023280201342281925,0.048048800869056496,0.027756395743717466,0.1167763157894739,0.015244519392917377,0.030616085992722475
2020-09-15,10867.69,48.73,365.53,236.05,21.004,73.879,0.24381,0.016053694939594187,-0.0012297601967616867,-0.028517514484664885,0.03995946779451942,-0.033321060382916046,-0.0182844993688126,-0.010551519824682387
2020-09-16,10999.54,48.13,365.65,230.8,20.8,73.194,0.24467,0.012132293063199295,-0.012312743689718797,0.00032829042759829896,-0.022241050624867587,-0.009712435726528357,-0.009271917594986467,0.003527336860670083
2020-09-17,10938.97,49.01,392.36,234.41,24.043,73.155,0.25351,-0.00550659391210917,0.018283814668605736,0.07304799671817319,0.015641247833622085,0.15591346153846142,-0.0005328305598819583,0.036130297952344126
2020-09-18,10887.7,48.08,380.08,232.93,25.611,71.468,0.24875,-0.004686912936044174,-0.01897571924097119,-0.031297787745947714,-0.006313723817243266,0.0652164871272305,-0.02306062470097736,-0.0187763796299949
2020-09-19,11088.12,48.48,385.98,233.45,24.146,72.75,0.25133,0.0184079282125702,0.008319467554076532,0.015523047779415045,0.0022324303438800985,-0.05720198352270511,0.01793809816981029,0.010371859296482322
2020-09-20,10894.91,47.07,372.34,225.39,25.611,71.468,0.24662,-0.017424955718372548,-0.029084158415841554,-0.03533861858127374,-0.03452559434568436,0.060672575167729725,-0.01762199312714774,-0.018740301595511877
2020-09-21,10483.0,43.69,346.51,213.98,20.376,66.307,0.23201,-0.037807563348389306,-0.07180794561291703,-0.06937207928237632,-0.05062336394693645,-0.20440435750263553,-0.07221413779593666,-0.05924093747465742
2020-09-22,10516.26,44.06,344.48,215.96,19.252,68.216,0.23243,0.003172755890489487,0.008468757152666706,-0.005858416784508269,0.009253201233760278,-0.05516293678837858,0.028790323796884065,0.001810266798844884
2020-09-23,10219.73,42.96,322.68,206.26,20.272,65.316,0.22349,-0.028197286868145155,-0.024965955515206528,-0.06328379006038087,-0.04491572513428421,0.052981508414710055,-0.04251202064031889,-0.0384631932194639
2020-09-24,10633.25,44.98,345.55,215.44,21.888,68.023,0.23113,0.04046290851128176,0.047020484171321986,0.07087517044750213,0.04450693299718811,0.07971586424625121,0.041444668993814604,0.03418497471922688
2020-09-25,10722.73,46.08,354.75,216.65,21.528,68.124,0.2422,0.008415112971104755,0.024455313472654616,0.026624222254377106,0.005616412922391456,-0.016447368421052766,0.0014847919086191652,0.04789512395621509
2020-09-26,10717.81,46.09,353.42,221.85,21.528,68.124,0.24147,-0.0004588383741827018,0.0002170138888890616,-0.003749119097956277,0.02400184629586888,0.0,0.0,-0.003014037985136331
2020-09-27,10722.73,46.08,354.75,216.65,21.528,68.124,0.2422,0.00045904900348103794,-0.00021696680407912172,0.0037632278874992764,-0.023439260761775937,0.0,0.0,0.003023149873690345
2020-09-28,10874.25,46.22,362.79,229.56,20.468,68.748,0.24504,0.014130729767512618,0.0030381944444444198,0.022663847780126867,0.05958919916916683,-0.049238201412114435,0.009159767482825654,0.011725846407927287
2020-09-29,10753.84,45.49,357.59,227.01,19.407,68.227,0.241,-0.011072947559601753,-0.01579402855906531,-0.014333360897489045,-0.011108207004704718,-0.051837013875317584,-0.00757840228079365,-0.016487104146261866
2020-09-30,10711.5,45.83,356.65,225.86,18.868,67.619,0.239,-0.003937198247323748,0.007474170147285131,-0.0026287088565116745,-0.005065856129685797,-0.02777348379450717,-0.00891142802702749,-0.008298755186721962
2020-10-01,10602.25,46.2,351.35,225.03,18.633,67.621,0.23691,-0.010199318489473974,0.008073314422867295,-0.014860507500350395,-0.0036748428229878005,-0.012454950180199265,2.9577485617826582e-05,-0.008744769874476921
2020-10-02,10544.55,44.94,346.56,218.33,18.187,65.907,0.23294,-0.005442241033742912,-0.027272727272727337,-0.013633129358189944,-0.029773807936719465,-0.023936027478130062,-0.025347155469454763,-0.016757418428939297
2020-10-03,10580.46,45.81,349.11,219.02,18.03,66.14,0.23383,0.003405550734739693,0.019359145527369837,0.007358033240997264,0.0031603535931845617,-0.008632539726178057,0.0035352845676484,0.0038207263673049052
2020-10-04,10544.72,44.94,346.79,218.33,18.187,65.907,0.23295,-0.003377924967345458,-0.01899148657498373,-0.0066454699091976766,-0.0031503972239977918,0.008707709373266814,-0.003522830359842799,-0.003763417867681751
2020-10-05,10737.95,45.94,351.83,220.01,17.663,66.107,0.2503,0.018324810900621546,0.022251891410769886,0.014533291040687235,0.007694773966014701,-0.02881178864023759,0.003034579028024398,0.07447950203906428
2020-10-06,10545.17,45.86,337.39,216.99,16.526,64.783,0.24217,-0.01795314748159571,-0.0017414018284719335,-0.041042548958303726,-0.013726648788691342,-0.06437185076147878,-0.020028136203427693,-0.03248102277267284
2020-10-07,10656.19,46.69,340.58,222.51,16.707,66.087,0.24802,0.010528042696324569,0.018098560837330968,0.009454933459794201,0.025438960320752102,0.010952438581629087,0.020128737477424608,0.024156584217698285
2020-10-08,10899.75,47.31,351.74,233.74,17.015,66.607,0.25183,0.02285619907302694,0.013279074748340225,0.032767631687121934,0.05046964181385105,0.018435386364996642,0.007868415876042034,0.015361664381904783
2020-10-09,11036.99,47.6,363.79,236.54,17.342,67.14,0.25083,0.012591114475102527,0.006129782287042973,0.03425825894126344,0.011979122101480222,0.01921833676168072,0.00800216193493175,-0.003970932772108138
2020-10-10,11364.07,49.22,374.8,239.58,18.007,68.578,0.25624,0.029634891397020358,0.03403361344537803,0.030264713158690393,0.012851948930413526,0.038346211509630024,0.021417932677986418,0.021568392935454428
2020-10-11,11036.99,47.6,363.79,236.54,17.342,67.14,0.25083,-0.028781941681105483,-0.0329134498171475,-0.0293756670224119,-0.012688872193004519,-0.03693008274559906,-0.020968823821050475,-0.021113019044645798
2020-10-12,11568.69,51.08,387.49,241.94,18.208,72.545,0.25607,0.04817436638068906,0.07310924369747895,0.06514747519173136,0.022829119810602982,0.04993657017645026,0.08050342567768842,0.020890643065024195
2020-10-13,11429.81,49.86,380.15,251.67,17.7,71.036,0.25536,-0.012004816448534905,-0.023884103367266984,-0.01894242432062776,0.04021658262379102,-0.027899824253075578,-0.02080088221104137,-0.0027726793454916354
2020-10-14,11394.8,49.65,376.77,254.31,16.981,69.884,0.24875,-0.0030630430427102118,-0.004211793020457266,-0.008891227147178715,0.010489927285731282,-0.040621468926553495,-0.016217129342868453,-0.025885025062656553
2020-10-15,11544.36,49.61,380.54,261.84,17.293,69.431,0.24676,0.01312528521781875,-0.0008056394763342745,0.01000610451999906,0.029609531673941092,0.018373476238148445,-0.0064821704538950975,-0.008000000000000007
2020-10-16,11312.75,47.36,366.5,249.99,16.995,65.919,0.23956,-0.02006261066009729,-0.045353759322717235,-0.036894938771219854,-0.04525664527955986,-0.017232406175909265,-0.05058259278996413,-0.029178148808558957
2020-10-17,11357.57,46.9,366.97,243.53,17.174,66.558,0.24167,0.0039619013944443005,-0.009712837837837829,0.0012824010914052053,-0.025841033641345712,0.010532509561635761,0.009693715013880722,0.008807814326264873
2020-10-18,11312.75,47.36,366.5,249.99,16.995,65.919,0.23956,-0.003946266675001753,0.009808102345415737,-0.001280758645120894,0.02652650597462336,-0.010422732036799776,-0.00960064905796465,-0.008730914056357841
2020-10-19,11740.0,48.08,379.58,250.31,17.401,76.088,0.24687,0.03776712116859304,0.01520270270270263,0.035688949522510116,0.0012800512020481047,0.023889379229184993,0.15426508290477714,0.030514276172983745
2020-10-20,11901.26,46.94,368.22,240.69,17.257,70.764,0.24417,0.013735945485519707,-0.023710482529118115,-0.02992781495336938,-0.038432343893571974,-0.008275386472041735,-0.06997161181789502,-0.010936930368209974
2020-10-21,12857.5,53.04,394.93,259.75,18.472,75.38,0.25209,0.08034779510740875,0.12995313165743516,0.0725381565368528,0.07918899829656412,0.07040621197195329,0.06523090837148837,0.03243641725027646
2020-10-22,13130.5,54.62,418.26,271.27,18.835,75.321,0.26207,0.021232743534901788,0.02978883861236792,0.05907375990681896,0.04435033686236767,0.01965136422693803,-0.0007827009816927522,0.03958903566186689
2020-10-23,12948.99,55.78,409.51,270.42,18.119,72.659,0.25422,-0.01382354061155322,0.02123764188941779,-0.020920001912685837,-0.0031334095181920762,-0.0380143350146005,-0.03534206927682837,-0.029953829129621967
2020-10-24,13112.2,59.31,411.81,274.6,18.296,72.894,0.25631,0.012604071823362428,0.06328433130154187,0.005616468462308566,0.015457436580134543,0.009768751034825218,0.003234286186157176,0.008221225710014934
2020-10-25,12948.99,55.78,409.51,270.42,18.119,72.659,0.25422,-0.012447186589588433,-0.05951778789411566,-0.0055850999247225586,-0.01522214129643118,-0.009674245736773002,-0.0032238593025488704,-0.008154188287620379
2020-10-26,13016.36,56.5,392.78,258.99,17.04,69.889,0.2481,0.005202722374486379,0.012907852276801801,-0.04085370320627091,-0.04226758375859774,-0.05955074783376568,-0.03812328823683242,-0.024073637007316573
2020-10-27,13613.17,57.64,403.58,263.32,17.029,70.206,0.25,0.04585076012034084,0.02017699115044258,0.027496308366006472,0.016718792231360302,-0.0006455399061032763,0.004535763854111696,0.00765820233776715
2020-10-28,13204.9,55.61,385.35,270.8,15.897,67.786,0.24517,-0.02999081036966411,-0.035218598195697504,-0.04517072203776196,0.028406501595017453,-0.06647483704269186,-0.03446998832008663,-0.019320000000000004
2020-10-29,13484.25,55.09,389.04,268.82,15.412,67.424,0.24455,0.021155025785882575,-0.009350836180542998,0.009575710393149084,-0.007311669128508225,-0.030508901050512627,-0.005340335762546777,-0.0025288575274300396
2020-10-30,13636.0,54.12,384.11,261.88,14.84,70.779,0.23849,0.011253870256039411,-0.017607551279724243,-0.012672218794982593,-0.025816531508072282,-0.037113937191798674,0.04975972947318441,-0.024780208546309468
2020-10-31,13840.0,55.91,387.35,262.99,14.776,70.466,0.24016,0.014960398943971942,0.03307464892830736,0.008435083699981805,0.004238582556896242,-0.004312668463611891,-0.004422215628929527,0.0070023900373181736
2020-11-01,13636.0,54.12,384.11,261.88,14.84,70.779,0.23849,-0.014739884393063618,-0.03201573958147019,-0.008364528204466315,-0.004220692802007764,0.0043313481321061165,0.004441858484943051,-0.006953697534976655
2020-11-02,13618.0,54.04,385.64,257.86,15.187,65.306,0.23525,-0.0013200352009387073,-0.0014781966001478075,0.003983233969435673,-0.015350542233083742,0.02338274932614559,-0.07732519532629734,-0.013585475281982506
2020-11-03,13742.0,53.63,383.51,241.95,14.719,63.689,0.23808,0.009105595535320976,-0.007586972612879328,-0.00552328596618612,-0.061700147366788305,-0.03081582932771454,-0.024760358925672965,0.012029755579171297
2020-11-04,14006.83,54.48,401.35,238.57,14.157,64.392,0.23727,0.019271576189783035,0.01584933805705746,0.04651769184636656,-0.013969828476958046,-0.03818194170799638,0.011038012843662015,-0.003402217741935498
2020-11-05,15245.12,58.56,414.1,247.59,14.335,67.527,0.24473,0.08840615613954061,0.07488986784140983,0.031767783729911514,0.037808609632393075,0.012573285300558013,0.0486861721953038,0.031440974417330514
2020-11-06,15561.25,61.31,446.25,255.6,15.588,69.489,0.25518,0.020736471736529483,0.0469603825136613,0.0776382516300409,0.03235187204652856,0.08740844087896749,0.02905504464880715,0.042700118497936534
2020-11-07,14837.59,59.07,436.0,253.47,14.97,66.48,0.248,-0.04650397622298974,-0.03653563855814712,-0.022969187675070057,-0.008333333333333304,-0.039645881447266995,-0.043301817553857425,-0.02813700133239294
2020-11-08,15561.25,61.31,446.25,255.6,15.588,69.489,0.25518,0.048772071475219336,0.03792111054680891,0.023509174311926673,0.008403361344537785,0.04128256513026041,0.04526173285198554,0.0289516129032259
2020-11-09,15382.5,59.23,447.76,264.07,15.387,67.043,0.25108,-0.011486866414973096,-0.03392595008970811,0.0033837535014005216,0.033137715179968774,-0.012894534257120727,-0.035199815798183876,-0.016067089897327302
2020-11-10,15398.69,58.25,452.11,258.49,15.322,69.428,0.25693,0.001052494718023711,-0.016545669424278153,0.009715025906735786,-0.02113076078312559,-0.004224345226489956,0.03557418373282806,0.02329934682172996
2020-11-11,15831.87,59.63,467.12,258.1,15.322,69.724,0.25667,0.028130964387230284,0.023690987124463492,0.03319988498374293,-0.0015087624279468415,0.0,0.004263409575387511,-0.0010119487798232463
2020-11-12,16157.25,58.98,463.39,259.58,15.322,77.954,0.25502,0.0205522152468407,-0.010900553412711789,-0.007985100188388494,0.005734211545912249,0.0,0.11803683093339434,-0.006428487941715022
2020-11-13,16304.3,65.62,472.51,261.0,15.322,77.256,0.26403,0.009101177489981183,0.11258053577483906,0.01968104620298239,0.005470375221511725,0.0,-0.008953998511942896,0.035330562308838465
2020-11-14,16007.06,63.08,460.11,256.19,15.322,77.373,0.26767,-0.01823077347693547,-0.03870771106370019,-0.026242830839558917,-0.018429118773946374,0.0,0.0015144454799627116,0.01378631216149695
2020-11-15,16304.3,65.62,472.51,261.0,15.322,77.256,0.26403,0.018569306293597876,0.04026632847178191,0.026950077155462715,0.018775127834810057,0.0,-0.0015121554030476103,-0.013598834385624259
2020-11-16,16705.75,70.74,458.87,250.97,15.322,80.411,0.2838,0.02462233889219423,0.07802499238037175,-0.02886711392351482,-0.03842911877394639,0.0,0.04083825204514868,0.07487785478922859
2020-11-17,17642.89,74.53,480.85,256.06,15.322,83.292,0.30025,0.05609685287999633,0.05357647724059955,0.04790027676684039,0.020281308522930974,0.0,0.035828431433510444,0.057963354474982465
2020-11-18,17789.75,73.37,474.61,245.87,15.322,78.943,0.29187,0.008324033080748139,-0.015564202334630295,-0.012977019860663463,-0.03979536046239163,0.0,-0.05221389809345445,-0.027910074937552043
2020-11-19,17944.4,80.94,472.9,248.08,15.322,82.305,0.29943,0.008693208167624755,0.1031756848848302,-0.0036029582183266795,0.008988489852361115,0.0,0.042587689852171984,0.02590194264569834
2020-11-20,18596.42,83.66,508.98,257.93,15.322,83.516,0.32531,0.03633556987138031,0.03360513960958733,0.07629519983083122,0.03970493389229279,0.0,0.014713565396998973,0.08643088534882959
2020-11-21,18643.79,86.23,544.15,301.37,15.322,92.086,0.42883,0.002547264473484745,0.030719579249342654,0.06909898227828193,0.168417787771876,0.0,0.1026150677714448,0.3182195444345395
2020-11-22,18493.45,83.81,553.32,288.47,15.322,91.291,0.44845,-0.008063811059875747,-0.02806447871970319,0.016851970963888796,-0.0428045259979426,0.0,-0.008633234150685287,0.04575239605438064
2020-11-23,18423.19,87.98,606.06,315.07,15.322,94.415,0.573,-0.0037991829539648636,0.049755399117050514,0.09531554977228351,0.09221062848823092,0.0,0.034220240768531474,0.2777344185527928
2020-11-24,18949.04,88.24,599.55,342.27,15.322,112.221,0.67733,0.02854283107322897,0.0029552170947941825,-0.010741510741510751,0.08633002189989525,0.0,0.18859291426150504,0.18207678883071554
2020-11-25,18870.47,83.75,579.06,326.72,15.322,105.696,0.639,-0.004146384196771935,-0.05088395285584768,-0.0341756317237929,-0.04543196891343082,0.0,-0.058144197610073056,-0.05658984542246759
2020-11-26,17058.13,69.19,513.57,266.32,15.322,91.055,0.51968,-0.09604106310017713,-0.1738507462686567,-0.11309708838462318,-0.18486777668952015,0.0,-0.1385199061459279,-0.18672926447574334
2020-11-27,17008.42,68.81,515.72,264.57,15.322,92.16,0.55207,-0.002914152958149785,-0.005492123139181904,0.004186381603286771,-0.006571042355061563,0.0,0.012135522486409256,0.062326816502462856
2020-11-28,17760.0,73.39,543.35,277.18,15.322,104.317,0.62598,0.04418870183121082,0.06656009300973698,0.05357558365004267,0.047662244396567965,0.0,0.13191189236111112,0.13387795025993077
2020-11-29,17008.42,68.81,515.72,264.61,15.322,92.16,0.55207,-0.04231869369369379,-0.062406322387246194,-0.05085120088340844,-0.045349592322678434,0.0,-0.11653901089946983,-0.1180708648838622
2020-11-30,19376.24,86.54,605.47,313.94,15.322,111.666,0.64757,0.13921457725056197,0.2576660369132393,0.17402854262002632,0.18642530516609335,0.0,0.21165364583333335,0.17298530983389804
2020-12-01,19042.97,87.96,595.22,294.82,15.322,107.072,0.62614,-0.017199931462450913,0.016408597180494366,-0.01692899730787656,-0.06090335732942598,0.0,-0.041140544122651446,-0.033092947480581225
2020-12-02,19159.5,87.03,598.28,292.68,15.322,105.243,0.61731,0.006119318572680665,-0.010572987721691574,0.005140956285071052,-0.007258666304863937,0.0,-0.017081963538553624,-0.014102277445938616
2020-12-03,19461.0,88.85,615.31,291.43,15.322,107.25,0.62988,0.01573631879746329,0.02091232908192575,0.02846493280738116,-0.004270876042093752,0.0,0.019070151934095447,0.02036254070078236
2020-12-04,18822.61,81.53,580.77,283.44,15.322,100.932,0.55778,-0.03280355582960792,-0.08238604389420368,-0.056134306284637,-0.027416532271900662,0.0,-0.05890909090909091,-0.11446624753921375
2020-12-05,19007.59,82.67,592.22,282.92,15.322,102.378,0.58055,0.00982754251402973,0.01398258309824607,0.019715205675224334,-0.001834603443409466,0.0,0.014326477232195822,0.04082254652371886
2020-12-06,19134.58,82.31,595.47,283.49,15.322,101.127,0.60609,0.006681015320721961,-0.004354663118422586,0.005487825470264385,0.002014703803195239,0.0,-0.012219422141475755,0.0439927654810095
2020-12-07,19080.75,83.19,588.55,284.67,15.322,101.77,0.60269,-0.0028132313330108127,0.010691289029279405,-0.01162107243018129,0.004162404317612722,0.0,0.006358341491391917,-0.005609727928195585
2020-12-08,18765.05,77.82,565.84,270.07,15.322,96.631,0.57203,-0.016545471220995034,-0.06455102776776056,-0.038586356299379676,-0.05128745565040227,0.0,-0.050496216959811324,-0.05087192420647413
2020-12-09,18512.17,77.44,575.89,268.8,15.322,94.866,0.59301,-0.013476116503819635,-0.004883063479825145,0.017761204580800216,-0.004702484541044827,0.0,-0.01826535997764689,0.0366763980910092
2020-12-10,18344.21,75.09,563.78,267.04,15.322,93.151,0.57586,-0.009072950388852252,-0.030346074380165233,-0.021028321380819226,-0.006547619047619024,0.0,-0.01807813125882829,-0.0289202542958803
2020-12-11,18109.46,72.95,549.35,260.57,15.322,94.484,0.57682,-0.012796953371118192,-0.028499134372086843,-0.025595090283443755,-0.024228579988016863,0.0,0.014310098657019266,0.0016670718577431742
2020-12-12,18805.15,76.89,570.76,268.17,15.322,95.525,0.51791,0.0384158334925504,0.05400959561343388,0.038973332119777826,0.029166826572514237,0.0,0.011017738453071635,-0.10212891369924759
2020-12-13,18109.46,72.95,549.35,260.57,15.322,94.484,0.57682,-0.0369946530604649,-0.05124203407465211,-0.03751138832433942,-0.028340231942424632,0.0,-0.010897670766815137,0.11374563148037309
2020-12-14,19195.75,81.27,586.09,270.72,15.322,96.277,0.49285,0.05998467099515947,0.11405071967100744,0.06687903886411206,0.03895306443566038,0.0,0.01897675796960341,-0.14557400922298114
2020-12-15,19424.94,81.92,588.87,290.44,15.322,96.82,0.47408,0.011939622051756249,0.00799803125384524,0.004743298810762742,0.07284278959810853,0.0,0.005639976318331463,-0.038084609921882895
2020-12-16,21214.51,91.29,629.01,304.35,15.322,103.297,0.52477,0.09212744029067776,0.1143798828125,0.06816445055784803,0.04789285222421169,0.0,0.06689733526130959,0.10692288221397228
2020-12-17,22787.21,101.71,640.88,307.0,15.322,108.327,0.58584,0.07413322296861913,0.11414174608390826,0.018870924150649504,0.00870708066370951,0.0,0.048694540983765355,0.11637479276635498
2020-12-18,22900.5,107.59,650.9,309.56,15.322,107.307,0.57619,0.004971648569526588,0.05781142463867872,0.01563475221570343,0.008338762214983753,0.0,-0.0094159350854357,-0.016472074286494665
2020-12-19,23987.87,107.59,650.9,309.56,15.322,107.307,0.57619,0.04748236938058126,0.0,0.0,0.0,0.0,0.0,0.0
2020-12-20,23361.43,107.59,650.9,309.56,15.322,107.307,0.57619,-0.026114865554965894,0.0,0.0,0.0,0.0,0.0,0.0
2020-12-21,23144.47,107.2,618.45,319.67,15.322,107.654,0.5453,-0.009287102715886841,-0.003624872200018614,-0.04985404824089712,0.032659258302106364,0.0,0.003233712618934348,-0.05361078810808928
2020-12-22,23439.64,108.71,622.69,310.09,15.322,107.654,0.4261,0.012753370459552382,0.01408582089552235,0.0068558493006709575,-0.029968404917571356,0.0,0.0,-0.21859526865945356
2020-12-23,23290.58,102.75,596.59,282.06,15.322,93.15,0.25913,-0.0063593126856895665,-0.05482476313126661,-0.04191491753521015,-0.09039311167725494,0.0,-0.13472792464748162,-0.391856371743722
2020-12-24,23397.91,106.81,605.39,287.9,15.322,95.255,0.27197,0.004608300866702164,0.03951338199513388,0.014750498667426504,0.020704814578458297,0.0,0.022597960279119533,0.049550418708756094
2020-12-25,24405.52,121.3,618.6,309.56,15.322,100.75,0.32075,0.04306410273396222,0.1356614549199513,0.021820644543186996,0.07523445640847526,0.0,0.057687260511259275,0.17935801742839286
2020-12-26,26662.16,132.75,648.2,327.9,15.322,108.462,0.30089,0.09246432774224855,0.09439406430338004,0.04784998383446504,0.059245380540121406,0.0,0.076545905707196,-0.06191738113795786
2020-12-27,26748.79,131.15,688.57,346.94,15.322,106.785,0.29269,0.0032491741104248018,-0.012052730696798464,0.062280160444307286,0.058066483684050096,0.0,-0.015461636333462425,-0.027252484296586776
2020-12-28,26584.87,129.01,726.74,358.09,15.322,106.982,0.27803,-0.006128127664840277,-0.016317194052611672,0.05543372496623422,0.032138121865452174,0.0,0.0018448283935010856,-0.0500871228945301
2020-12-29,26893.11,126.17,724.33,348.55,15.322,103.048,0.21774,0.011594564878444125,-0.02201379738004794,-0.00331617910119153,-0.026641347147365102,0.0,-0.03677254117515094,-0.2168471028306298
2020-12-30,28911.0,127.52,748.17,355.75,15.322,101.371,0.20902,0.07503371681445548,0.01069984940952673,0.03291317493407697,0.020657007602926436,0.0,-0.01627396941231274,-0.04004776338752636
2020-12-31,28987.6,124.07,738.87,343.04,15.322,99.486,0.22464,0.0026495105669122054,-0.02705457967377667,-0.012430330005212653,-0.03572733661278982,0.0,-0.018595061704037574,0.0747296909386661
2021-01-01,29260.25,125.54,729.72,339.55,15.322,88.19,0.23823,0.009405745905145757,0.011848150237769195,-0.012383775224328986,-0.010173740671641784,0.0,-0.1135436141768692,0.060496794871794934
2021-01-02,31696.74,134.74,769.01,352.18,15.322,87.501,0.22417,0.08326962346528144,0.0732834156444162,0.05384256975278179,0.03719628920630247,0.0,-0.00781267717428269,-0.05901859547496113
2021-01-03,29260.25,125.54,729.72,339.55,15.322,88.19,0.23823,-0.07686878839905942,-0.06827964969571032,-0.05109166330736914,-0.03586234311999548,0.0,0.007874195723477362,0.062720256947852
2021-01-04,31031.51,150.33,1006.89,397.09,15.322,87.145,0.23024,0.060534684426824636,0.19746694280707344,0.3798306199638217,0.16945957885436602,0.0,-0.011849416033563931,-0.033539016916425246
2021-01-05,33813.69,157.86,1084.75,415.78,15.322,89.674,0.22368,0.08965661032930727,0.05008980243464389,0.07732721548530619,0.04706741544737958,0.0,0.029020597854151342,-0.028492008339124464
2021-01-06,35930.6,165.61,1183.59,448.4,18.619,92.389,0.24777,0.06260511644839695,0.04909413404282281,0.09111776907121438,0.0784549521381499,0.21518078579819866,0.030276334277493877,0.10769849785407737
2021-01-07,39772.25,173.32,1254.99,456.92,21.73,101.216,0.33305,0.10691861533066538,0.04655515971257751,0.06032494360378182,0.019000892060660135,0.1670873838552016,0.09554167703947436,0.34419017637324956
2021-01-08,40063.15,169.61,1192.46,431.15,19.335,95.37,0.3074,0.007314144912596188,-0.021405492730209863,-0.04982509820795378,-0.0563993696927253,-0.11021629084215367,-0.05775766677205174,-0.07701546314367214
2021-01-09,40857.39,177.6,1291.89,543.63,21.369,108.832,0.33586,0.01982470175210871,0.04710807145805074,0.08338225181557468,0.2608836831729098,0.10519782777346776,0.14115549963300822,0.09258295380611581
2021-01-10,38594.9,171.25,1301.11,599.13,21.107,149.528,0.32094,-0.05537529440818412,-0.03575450450450446,0.007136830535107386,0.10209149605430157,-0.012260751555992377,0.37393413701852407,-0.04442327160126236
2021-01-11,33951.5,130.61,1034.87,448.92,22.355,118.189,0.28255,-0.12031123283128087,-0.23731386861313863,-0.2046252814904197,-0.2507135346252065,0.05912730373809638,-0.20958616446418066,-0.11961737396398076
2021-01-12,34678.66,136.97,1076.74,465.95,22.291,129.549,0.29838,0.02141761041485668,0.048694586938212936,0.04045918811058402,0.03793548961953119,-0.0028628942071124985,0.09611723595258459,0.056025482215536826
2021-01-13,37267.57,145.37,1126.38,493.72,22.636,133.184,0.30779,0.07465426864821167,0.06132729794845582,0.046102123075208556,0.059598669385127145,0.015477098380512366,0.028058881195532015,0.031536966284603674
2021-01-14,38720.86,149.58,1186.38,510.18,22.429,131.2,0.294,0.038996103046160524,0.028960583339065815,0.053267991264049463,0.03333873450538771,-0.009144725216469363,-0.014896684286400785,-0.0448032749602002
2021-01-15,36250.18,140.92,1158.89,483.72,23.138,123.938,0.27984,-0.06380746708621654,-0.057895440566920864,-0.023171327905055716,-0.051864047983064765,0.03161086093896315,-0.05535060975609751,-0.04816326530612247
2021-01-16,35920.05,143.9,1234.33,488.5,23.552,125.116,0.27952,-0.009106989261846388,0.021146749929037867,0.06509677363684196,0.009881749772595594,0.017892644135188762,0.009504752376187975,-0.0011435105774727505
2021-01-17,36250.18,140.92,1158.89,483.72,23.138,123.938,0.27984,0.009190688765744914,-0.020708825573314882,-0.06111817747279891,-0.009785056294779881,-0.01757812499999989,-0.00941526263627357,0.0011448196908987462
2021-01-18,36228.07,149.03,1233.77,492.42,27.689,129.783,0.28167,-0.0006099280058747825,0.0575503831961397,0.06461355262363111,0.017985611510791255,0.19668942864551808,0.04716067711274974,0.006539451114922823
2021-01-19,36476.0,158.64,1409.58,522.36,26.968,127.171,0.30317,0.006843588410864854,0.06448366100785075,0.1424981965844525,0.060801754599731916,-0.026039221351439212,-0.02012590246796564,0.0763304576277204
2021-01-20,34903.15,146.7,1324.4,494.65,25.834,119.509,0.29435,-0.0431201337865994,-0.07526475037821478,-0.06042934774897479,-0.053047706562524,-0.04204983684366659,-0.060249585204174005,-0.02909258831678596
2021-01-21,31182.37,131.71,1170.39,435.04,23.372,105.229,0.27337,-0.10660298569040338,-0.10218132242672107,-0.11628662035638782,-0.12050945112705946,-0.09530076643183405,-0.11948890878511242,-0.07127569220315955
2021-01-22,33311.02,138.0,1243.79,442.81,23.799,106.69,0.27357,0.06826453537688115,0.0477564345911472,0.06271413802236858,0.017860426627436476,0.01826972445661479,0.013884005359739326,0.0007316091743789777
2021-01-23,32370.67,138.87,1247.39,432.57,24.647,105.051,0.27215,-0.028229396758189917,0.006304347826086909,0.0028943792762445852,-0.023125042343217217,0.035631749233161036,-0.015362264504639622,-0.005190627627298272
2021-01-24,31889.44,138.59,1359.51,433.83,24.448,106.092,0.27432,-0.014866235391482463,-0.002016274213292979,0.08988367711782197,0.002912823358069083,-0.00807400494989241,0.009909472541908215,0.007973544001469879
2021-01-25,32695.53,138.67,1346.07,437.84,23.634,106.579,0.2718,0.02527764676958899,0.0005772422252685594,-0.00988591477811862,0.009243251965055377,-0.03329515706806285,0.004590355540474267,-0.009186351706036877
2021-01-26,32005.74,133.44,1334.12,422.77,23.089,104.181,0.26634,-0.021097379366537217,-0.03771543953270351,-0.008877695810767694,-0.034418965832267445,-0.023059998307523144,-0.022499741975436027,-0.020088300220750477
2021-01-27,31011.8,123.85,1276.11,382.51,21.362,98.092,0.25543,-0.03105505449959922,-0.07186750599520386,-0.04348184571103053,-0.09522908437211719,-0.07479752262982375,-0.058446357781169245,-0.04096267928212072
2021-01-28,33257.54,133.05,1352.4,402.1,22.543,104.257,0.26275,0.07241566113543874,0.07428340734759797,0.05978324752568365,0.05121434733732455,0.05528508566613621,0.0628491620111733,0.028657557843636106
2021-01-29,34641.5,136.08,1371.85,405.98,22.563,104.255,0.28984,0.04161342059575057,0.022773393461104963,0.01438183969239848,0.009649340959960284,0.0008871933637937257,-1.9183364186714513e-05,0.10310180780209333
2021-01-30,34684.99,134.17,1388.75,415.07,22.524,104.868,0.40151,0.0012554306251171266,-0.014035861258083648,0.012319131100338998,0.02239026553032164,-0.0017284935513893762,0.005879813917797794,0.3852815346398013
2021-01-31,32321.4,126.38,1290.53,392.72,21.882,101.053,0.45563,-0.06814446248939376,-0.05806066930014153,-0.0707254725472547,-0.05384633917170589,-0.028502930207778387,-0.03637906701758398,0.1347911633583223
2021-02-01,33655.37,131.98,1349.96,412.2,22.809,103.261,0.39053,0.04127203648356814,0.04431080867225812,0.04605084732629239,0.04960277042167438,0.042363586509459816,0.02184992033883204,-0.14287909049009062
2021-02-02,35676.21,142.11,1519.26,427.27,23.372,108.158,0.3687,0.060045098300806066,0.07675405364449173,0.1254111232925419,0.036559922367782605,0.02468323907229597,0.047423519043976015,-0.055898394489539704
2021-02-03,37303.72,154.96,1632.95,444.95,24.528,116.889,0.39406,0.04561891523791339,0.09042291182886486,0.0748324842357464,0.041378987525452215,0.04946089337669002,0.08072449564525974,0.06878220775698396
2021-02-04,37680.95,148.54,1641.96,429.03,24.158,113.065,0.47285,0.010112396297205617,-0.0414300464636036,0.005517621482592938,-0.03577930104506133,-0.01508480104370502,-0.03271479779962183,0.19994417093843575
2021-02-05,37860.26,153.01,1720.38,437.84,26.077,119.017,0.445,0.004758637985507352,0.03009290426821054,0.0477599941533291,0.020534694543505205,0.0794353837238182,0.05264228541104665,-0.058898170667230576
2021-02-06,40074.99,158.23,1710.51,464.82,25.116,121.052,0.44405,0.058497485225933454,0.03411541729298739,-0.005737104593171338,0.06162068335465021,-0.036852398665490727,0.017098397707890456,-0.002134831460674169
2021-02-07,37902.77,148.36,1557.27,439.32,24.035,115.451,0.41212,-0.05420388127358233,-0.06237755166529724,-0.08958731606363013,-0.05485994578546538,-0.043040293040293,-0.04626937184020097,-0.07190631685620996
2021-02-08,44666.51,164.53,1703.8,475.31,27.158,122.424,0.45228,0.17844975446385591,0.1089916419520085,0.0940941519453915,0.08192206136756819,0.1299355107135427,0.060397917731332074,0.09744734543336908
2021-02-09,47355.82,177.0,1770.0,508.3,31.152,134.403,0.47038,0.060208644015393054,0.07579164893940304,0.038854325625073294,0.06940733416086342,0.14706532145224238,0.09784846108606149,0.04001945697355613
2021-02-10,45020.08,180.28,1729.18,491.42,33.492,138.768,0.49965,-0.04932318773067379,0.01853107344632776,-0.02306214689265529,-0.03320873499901633,0.07511556240369788,0.03247695363942782,0.06222628513117057
2021-02-11,46937.99,182.97,1769.38,520.53,36.43,161.922,0.51651,0.04260121261445993,0.01492123363656539,0.023248013509293397,0.05923649831101696,0.08772244117998329,0.16685402974749208,0.033743620534374186
2021-02-12,47942.34,194.98,1852.28,557.85,37.755,165.746,0.58704,0.02139737981963008,0.06563917582117273,0.046852569826718815,0.07169615584116196,0.03637112270107057,0.023616309087091336,0.13655108323168963
2021-02-13,47188.37,221.67,1813.38,639.55,42.125,254.627,0.618,-0.015726599911476846,0.13688583444455849,-0.021001144535383376,0.14645514027068196,0.1157462587736724,0.5362482352515294,0.052739165985282055
2021-02-14,48644.68,213.07,1803.81,683.48,43.738,233.142,0.5848,0.030861629676973257,-0.03879640907655524,-0.005277437713000155,0.06868892189820985,0.03829080118694361,-0.08437832594343886,-0.05372168284789647
2021-02-15,48217.97,211.03,1788.75,709.56,41.146,249.035,0.5564,-0.008771976709477824,-0.009574318299150453,-0.008348994628037287,0.0381576637209573,-0.05926196899721059,0.06816875552238555,-0.048563611491107994
2021-02-16,48585.07,206.16,1752.85,683.0,39.97,244.408,0.50334,0.007613344153642343,-0.023077287589442275,-0.02006988120195674,-0.03743164778172381,-0.028581150051037785,-0.018579717710362043,-0.09536304816678642
2021-02-17,52400.44,236.15,1855.33,726.61,42.717,268.287,0.55109,0.07852968000251925,0.14546953822273956,0.05846478592007309,0.06385065885797947,0.06872654490868157,0.09770138457006317,0.09486629316167994
2021-02-18,52044.1,229.02,1946.65,709.32,44.164,288.15,0.54165,-0.006800324577427297,-0.03019267414778737,0.04922035433049654,-0.02379543358885783,0.033874101645714916,0.07403638640709387,-0.017129688435645773
2021-02-19,55608.59,237.98,1957.2,717.57,47.134,328.56,0.56008,0.06848979999654126,0.03912322067941654,0.005419566948347221,0.011630857722889631,0.06724934335657995,0.14023945861530462,0.03402566232807169
2021-02-20,56513.16,231.98,1965.1,698.47,45.81,308.555,0.53297,0.01626673145282065,-0.0252122027061098,0.004036378499897797,-0.02661761221901704,-0.02809012602367711,-0.060886900413927414,-0.04840379945722029
2021-02-21,57529.76,229.95,1951.45,720.14,51.228,300.786,0.54561,0.0179887304125268,-0.008750754375377201,-0.006946211388733303,0.03102495454350218,0.11827111984282901,-0.02517865534507624,0.023716156631705232
2021-02-22,54950.58,209.63,1801.05,630.95,47.924,278.555,0.57129,-0.04483210081182332,-0.08836703631224174,-0.07707089600040995,-0.12385091787707936,-0.06449597876161473,-0.0739096899456756,0.0470665860229833
2021-02-23,47945.75,173.44,1534.8,501.85,37.57,223.641,0.46716,-0.12747508761508985,-0.1726375041740209,-0.14783043224785541,-0.20461209287582216,-0.21605041315416074,-0.19713880562187003,-0.18227170088746514
2021-02-24,48726.36,176.71,1590.61,516.54,39.441,230.439,0.4621,0.016281109378829317,0.018853782287822973,0.0363630440448266,0.02927169472950064,0.04980037263774295,0.030396930795337118,-0.010831406798527343
2021-02-25,48037.4,185.88,1521.82,509.7,39.352,226.784,0.45209,-0.014139369326992557,0.051892931922358665,-0.043247559112541745,-0.013241956092461371,-0.002256535077711175,-0.01586103046793297,-0.021661977926855647
2021-02-26,45638.6,167.49,1428.28,479.89,36.748,204.839,0.4232,-0.04993609146206923,-0.09893479664299543,-0.0614658763848549,-0.05848538355895627,-0.06617198617605202,-0.09676608579088464,-0.06390320511402592
2021-02-27,46856.06,174.26,1507.12,490.54,38.207,215.217,0.44394,0.02667610312323343,0.0404203236014089,0.055199260649172466,0.02219258580091288,0.039702840970937237,0.0506641801610046,0.04900756143667295
2021-02-28,43177.77,156.02,1329.46,437.68,32.218,184.247,0.39801,-0.07850190562330683,-0.10467118099391703,-0.11788046074632408,-0.10775879642842578,-0.15675138063705596,-0.14390127173968603,-0.10345992701716455
2021-03-01,48858.83,172.56,1546.1,493.14,37.74,214.249,0.44275,0.13157372416407798,0.10601204973721301,0.16295337956764389,0.1267135806982269,0.17139487243155993,0.16283575851981302,0.11240923594884555
2021-03-02,47444.18,172.72,1467.89,507.38,36.567,210.126,0.42916,-0.028953824723187194,0.0009272137227631649,-0.050585343768190794,0.028876181206148432,-0.031081081081081097,-0.019243963799130848,-0.03069452286843588
2021-03-03,50924.19,189.52,1594.79,529.75,39.798,226.622,0.45023,0.07334956574231022,0.0972672533580361,0.0864506195968362,0.04408924277661708,0.08835835589465924,0.07850527778570959,0.049095908285954115
2021-03-04,47895.14,179.04,1516.48,499.74,37.114,206.507,0.465,-0.05948155483670925,-0.05529759392148592,-0.04910364373992815,-0.0566493629070316,-0.06744057490326161,-0.08876013802719951,0.03280545498967191
2021-03-05,49048.01,180.33,1532.19,501.08,37.769,207.197,0.45991,0.02407070947073131,0.007205093833780207,0.010359516775691135,0.0026813943250489913,0.0176483267769576,0.003341291094248522,-0.010946236559139844
2021-03-06,48593.8,180.48,1642.44,495.87,37.691,206.249,0.45969,-0.009260518418586217,0.0008318083513556562,0.07195582793256716,-0.010397541310768754,-0.002065185734332231,-0.00457535582078894,-0.00047835446065536136
2021-03-07,51057.91,189.11,1675.38,514.07,38.95,212.624,0.46582,0.050708320814589536,0.04781693262411357,0.020055527142543994,0.036703168169076594,0.033403199702846775,0.030909240772076574,0.013335073636581152
2021-03-08,51888.64,188.78,1790.87,519.67,39.127,212.365,0.4724,0.016270348707966953,-0.0017450161281794552,0.0689336150604638,0.010893458089365149,0.004544287548138737,-0.0012181127248099832,0.014125627924949535
2021-03-09,54305.5,199.34,1825.0,540.13,41.899,235.371,0.48226,0.04657782512704123,0.05593812903909323,0.01905777638801265,0.03937113937691228,0.07084621872364338,0.10833235231794314,0.020872142252328585
2021-03-10,56898.5,203.5,1815.66,554.59,41.125,239.597,0.46472,0.0477483864433621,0.020868867261964574,-0.005117808219178066,0.02677133282728228,-0.018472994582209634,0.01795463332356162,-0.036370422593621665
2021-03-11,57620.52,200.66,1841.0,548.55,41.392,235.679,0.4542,0.01268961396170365,-0.013955773955773965,0.013956357467807878,-0.01089092843361772,0.006492401215805632,-0.016352458503236744,-0.022637286968497206
2021-03-12,56969.0,222.56,1757.68,529.8,39.61,222.262,0.4367,-0.011307082962805581,0.1091398385328417,-0.0452580119500271,-0.03418102269619905,-0.0430517974487824,-0.05692912817858187,-0.038529282254513464
2021-03-13,61606.06,228.88,1932.21,602.9,41.838,241.76,0.46383,0.08139619793220865,0.02839683680805183,0.09929566246415722,0.1379765949414875,0.05624842211562742,0.0877252971718061,0.06212502862376934
2021-03-14,59690.28,216.46,1853.33,564.88,39.981,237.112,0.4433,-0.03109726543135527,-0.0542642432715833,-0.04082371998902812,-0.0630618676397412,-0.04438548687795785,-0.019225678358702813,-0.044261906301877874
2021-03-15,56411.75,202.83,1791.83,527.81,39.176,223.07,0.43956,-0.05492569309442008,-0.06296775385752562,-0.033183512919987224,-0.06562455742812645,-0.020134563917860948,-0.059220958871756824,-0.008436724565756837
2021-03-16,56425.72,199.9,1797.3,523.77,40.22,222.439,0.45973,0.00024764344307715014,-0.014445594833111475,0.0030527449590642686,-0.007654269528807656,0.02664896875638134,-0.0028287084771596582,0.045886795886795895
2021-03-17,57725.64,202.58,1815.79,532.99,44.047,228.0,0.46739,0.023037721095982455,0.01340670335167582,0.01028765370277629,0.017603146419229887,0.09515166583789147,0.02500011239036315,0.016661953755465087
2021-03-18,57485.33,199.15,1773.39,526.02,44.117,226.531,0.46895,-0.004162968136862566,-0.01693158258465799,-0.02335071786935705,-0.01307716842717499,0.0015892115240538907,-0.006442982456140278,0.003337683733070751
2021-03-19,58385.24,201.08,1816.86,536.56,44.567,227.11,0.46875,0.015654602661235417,0.009691187547075097,0.024512374604570786,0.020037260940648505,0.010200149602194175,0.00255594157091088,-0.0004264846998613958
2021-03-20,58525.64,201.28,1828.0,540.22,43.658,229.506,0.52244,0.002404717356647046,0.000994629003381764,0.006131457569653165,0.0068212315491278375,-0.020396257320438815,0.010549953766896936,0.11453866666666679
2021-03-21,57276.32,196.71,1791.06,525.35,42.68,223.882,0.50176,-0.021346541447474943,-0.02270468998410169,-0.020207877461706825,-0.027525822812928036,-0.0224013926428146,-0.024504805974571497,-0.03958349284128326
2021-03-22,54580.0,186.1,1678.26,511.57,40.667,209.47,0.54014,-0.04707565011159931,-0.05393726805958021,-0.06297946467455029,-0.02623013229275728,-0.04716494845360819,-0.0643731965946347,0.07649075255102034
2021-03-23,54433.56,183.7,1671.62,513.0,41.049,206.249,0.54388,-0.002683034078417079,-0.012896292315959235,-0.003956478733926905,0.0027953163789902202,0.00939336562815063,-0.015376903613882664,0.006924130780908699
2021-03-24,54048.5,187.58,1611.2,508.52,42.0,201.931,0.52214,-0.007073944823744682,0.02112139357648357,-0.036144578313252906,-0.008732943469785592,0.023167434042242308,-0.020935859082953034,-0.03997205265867465
2021-03-25,51990.48,174.26,1603.1,479.2,39.035,189.925,0.51406,-0.03807728244077069,-0.07100970252692196,-0.005027308838133182,-0.05765751592857704,-0.07059523809523816,-0.05945595277594817,-0.015474776879764174
2021-03-26,54000.0,182.81,1665.61,499.99,41.611,201.15,0.55842,0.03865169161738824,0.04906461609089874,0.038993200673694606,0.04338480801335565,0.06599205840912004,0.05910227721469008,0.08629342878263246
2021-03-27,55879.05,183.34,1718.93,500.99,41.625,200.526,0.55506,0.03479722222222237,0.002899184946118849,0.03201229579553444,0.0020000400008000074,0.0003364494965274467,-0.0031021625652497553,-0.006016976469324198
2021-03-28,55971.01,184.74,1702.0,497.49,44.305,201.889,0.54786,0.0016456972693701388,0.007636085960510464,-0.009849150343527735,-0.006986167388570608,0.06438438438438432,0.0067971235650239326,-0.012971570641011732
2021-03-29,57241.15,194.06,1806.36,515.7,44.773,210.194,0.56047,0.02269281901470066,0.05044928006928662,0.061316098707403066,0.03660375082916256,0.010563141857578229,0.04113646607789412,0.023016829116927706
2021-03-30,58672.03,194.43,1840.67,525.99,44.347,216.204,0.56254,0.024997401345011383,0.0019066268164484867,0.01899399898137699,0.01995346131471787,-0.00951466285484559,0.028592633471935525,0.003693328813317409
2021-03-31,58950.02,195.7,1939.87,535.81,48.518,217.06,0.5643,0.004738032755982724,0.006531913799310729,0.05389341924407942,0.018669556455445768,0.09405371276523766,0.0039592236961387695,0.003128666405944447
2021-04-01,58854.18,201.15,1968.8,553.17,52.911,234.694,0.56423,-0.0016257840116084,0.02784874808380189,0.014913370483589095,0.03239954461469563,0.0905437157343667,0.08124021008016213,-0.00012404749246852642
2021-04-02,58669.5,206.88,2090.8,575.53,53.145,241.045,0.60325,-0.003137924952824056,0.028486204325130382,0.061966680211296365,0.040421570222535674,0.0044225208368771085,0.027060768490033915,0.0691561951686368
2021-04-03,58062.4,202.45,2060.42,547.63,52.265,229.606,0.59459,-0.010347795703048446,-0.021413379737045712,-0.014530323321216843,-0.04847705593105478,-0.01655847210461947,-0.04745586923603473,-0.014355573974305869
2021-04-04,58103.68,203.4,2072.85,559.22,53.334,263.957,0.60901,0.0007109592438478973,0.004692516670782965,0.006032750604245685,0.02116392454759608,0.020453458337319486,0.14960845970924108,0.02425200558367968
2021-04-05,58776.77,217.35,2104.41,617.74,58.3,272.462,0.8865,0.01158429207926237,0.06858407079646023,0.015225414284680383,0.10464575658953534,0.09311133610829847,0.032221157233943476,0.45564112247746325
2021-04-06,58252.26,242.81,2121.34,655.28,61.079,272.837,1.02021,-0.008923763588914335,0.11713825626869112,0.008045010240400163,0.060769903195519115,0.047667238421955416,0.0013763387187937237,0.15082910321489007
2021-04-07,56224.08,220.51,1987.84,619.55,64.813,274.363,0.90772,-0.03481718992533511,-0.09184135743997368,-0.06293192038994233,-0.0545263093639361,0.06113394128915006,0.0055930830495865,-0.11026161280520685
2021-04-08,57661.74,223.63,2053.99,628.88,61.609,265.565,1.01867,0.025570182740206615,0.014149018185116269,0.03327732614294909,0.015059317246388648,-0.0494345270238995,-0.03206700611962987,0.1222293218173005
2021-04-09,58312.42,223.38,2070.75,636.77,61.101,266.984,1.073,0.011284432276930989,-0.00111791798953631,0.008159728138890765,0.012546113725989017,-0.008245548539986047,0.005343324609794253,0.05333424956070165
2021-04-10,58572.56,238.2,2093.43,656.23,59.59,276.926,1.2658,0.0044611422403666445,0.066344345957561,0.010952553422672873,0.030560484947469213,-0.024729546161273874,0.037238186557996045,0.17968313140726933
2021-04-11,59821.38,249.0,2146.5,677.27,64.523,281.328,1.352,0.021320905215684638,0.04534005037783384,0.02535074017282657,0.03206192950642306,0.08278234603121315,0.015895943320598294,0.0680992257860642
2021-04-12,59935.0,243.93,2143.71,672.61,62.789,278.517,1.38212,0.001899320945120353,-0.02036144578313248,-0.0012997903563941593,-0.006880564619723306,-0.026874137904313145,-0.00999189558095881,0.02227810650887574
2021-04-13,63194.82,266.64,2302.07,737.39,66.329,292.183,1.8246,0.05438925502627856,0.09310047964579993,0.07387193230427624,0.09631138401153705,0.05637930210705688,0.04906702283882125,0.32014586287731883
2021-04-14,62382.45,266.94,2369.29,804.12,65.765,289.965,1.74916,-0.012855009318801791,0.0011251125112512472,0.029199807130104505,0.09049485346967012,-0.008503068039620532,-0.007591132954347213,-0.04134604844897505
2021-04-15,63398.46,287.4,2501.99,853.86,71.157,318.179,1.79985,0.016286792198767497,0.07664643740166333,0.056008340051239,0.06185643933741236,0.08198889987075186,0.09730139844463981,0.028979624505476753
2021-04-16,62006.92,309.14,2459.95,1061.23,83.118,375.654,1.63159,-0.02194911359045626,0.07564370215727223,-0.016802625110412084,0.24286182746586094,0.16809308992790584,0.18063731421621165,-0.09348556824179788
2021-04-17,62006.92,309.14,2459.95,1061.23,83.118,375.654,1.63159,0.0,0.0,0.0,0.0,0.0,0.0,0.0
2021-04-18,54709.64,256.8,2123.8,870.91,81.089,288.437,1.2622,-0.11768492935949726,-0.16930840395937108,-0.13664911888453002,-0.17933906881637351,-0.024411078226136307,-0.23217375563683595,-0.22639878891143006
